restaurant_name,restaurant_id,table_id,waiter_code,cashier_email,kds_email,password,manager_email,kds_id
stressone,f4354610-bcbc-40b1-a1f5-1afca6837682,0465458c-59e8-4e76-a21e-6e2ed4776d17,stress1wtr1,stress1cash@mailinator.com,stress1kds@mailinator.com,Test@123,stress1mgr@mailinator.com,8c220250-77c8-445a-8f67-491c00720ef9
stressone,f4354610-bcbc-40b1-a1f5-1afca6837682,089c4657-da47-42de-913f-0311ced3fc63,stress1wtr2,stress1cash@mailinator.com,stress1kds@mailinator.com,Test@123,,
stressone,f4354610-bcbc-40b1-a1f5-1afca6837682,0feb558b-2834-49d0-9d0b-08f7c00a48ae,stress1wtr3,stress1cash@mailinator.com,stress1kds@mailinator.com,Test@123,,
stressone,f4354610-bcbc-40b1-a1f5-1afca6837682,16f509d9-9966-489e-bfc4-642aaf269abb,stress1wtr4,stress1cash@mailinator.com,stress1kds@mailinator.com,Test@123,,
stressone,f4354610-bcbc-40b1-a1f5-1afca6837682,2887c695-786d-4614-8462-9078045b9f00,stress1wtr1,stress1cash@mailinator.com,stress1kds@mailinator.com,Test@123,,
stressone,f4354610-bcbc-40b1-a1f5-1afca6837682,487c7d22-ffd0-4eec-8e59-fe511c399234,stress1wtr2,stress1cash@mailinator.com,stress1kds@mailinator.com,Test@123,,
stressone,f4354610-bcbc-40b1-a1f5-1afca6837682,502f44db-e309-40b5-8dba-015bfe61c6d0,stress1wtr3,stress1cash@mailinator.com,stress1kds@mailinator.com,Test@123,,
stressone,f4354610-bcbc-40b1-a1f5-1afca6837682,524ff01b-db2e-4a8c-91ce-0b9bec21a37f,stress1wtr4,stress1cash@mailinator.com,stress1kds@mailinator.com,Test@123,,
stressone,f4354610-bcbc-40b1-a1f5-1afca6837682,5880123e-ceb8-4ed9-9127-a1b5c7fd90df,stress1wtr1,stress1cash@mailinator.com,stress1kds@mailinator.com,Test@123,,
stressone,f4354610-bcbc-40b1-a1f5-1afca6837682,5f34c55a-fc61-4c76-b73b-886cbdf89f0e,stress1wtr2,stress1cash@mailinator.com,stress1kds@mailinator.com,Test@123,,
stressone,f4354610-bcbc-40b1-a1f5-1afca6837682,6ee08347-844a-4114-bf7a-89a5d72c9d57,stress1wtr3,stress1cash@mailinator.com,stress1kds@mailinator.com,Test@123,,
stressone,f4354610-bcbc-40b1-a1f5-1afca6837682,8ddfa1d2-c6ec-479f-a877-4df75eaa22d8,stress1wtr4,stress1cash@mailinator.com,stress1kds@mailinator.com,Test@123,,
stressone,f4354610-bcbc-40b1-a1f5-1afca6837682,977ad4c8-02cd-48f0-9913-a3512ef88a29,stress1wtr1,stress1cash@mailinator.com,stress1kds@mailinator.com,Test@123,,
stressone,f4354610-bcbc-40b1-a1f5-1afca6837682,9a99dbf5-8063-416f-b307-46f5677bdd61,stress1wtr2,stress1cash@mailinator.com,stress1kds@mailinator.com,Test@123,,
stressone,f4354610-bcbc-40b1-a1f5-1afca6837682,b3c88e44-5892-48cf-b5d6-920afcbcaf6b,stress1wtr3,stress1cash@mailinator.com,stress1kds@mailinator.com,Test@123,,
stressone,f4354610-bcbc-40b1-a1f5-1afca6837682,bd66126d-000f-488e-8bd5-63c0f3393aa9,stress1wtr4,stress1cash@mailinator.com,stress1kds@mailinator.com,Test@123,,
stressone,f4354610-bcbc-40b1-a1f5-1afca6837682,c6f42c23-0f70-46e8-a76f-e8339b63d704,stress1wtr5,stress1cash@mailinator.com,stress1kds@mailinator.com,Test@123,,
stressone,f4354610-bcbc-40b1-a1f5-1afca6837682,cb413218-451f-4710-abb9-b1c2eae2d42b,stress1wtr5,stress1cash@mailinator.com,stress1kds@mailinator.com,Test@123,,
stressone,f4354610-bcbc-40b1-a1f5-1afca6837682,dfa25161-7ef7-4101-b3a3-d31763d5ed54,stress1wtr5,stress1cash@mailinator.com,stress1kds@mailinator.com,Test@123,,
stressone,f4354610-bcbc-40b1-a1f5-1afca6837682,e8ef4241-d91a-4cd6-99be-d254174fa204,stress1wtr5,stress1cash@mailinator.com,stress1kds@mailinator.com,Test@123,,
stressone,f4354610-bcbc-40b1-a1f5-1afca6837682,e9231d85-d5c9-42bf-adf5-192f95bc680e,stress1wtr5,stress1cash@mailinator.com,stress1kds@mailinator.com,Test@123,,
stresstwo,4366c7df-2fb2-410a-af65-5eca0894f4d6,068f1af6-e63c-43bd-8258-032a4b1eaa8a,stress2wtr1,stress2cash@mailinator.com,stress2kds@mailinator.com,Test@123,,
stresstwo,4366c7df-2fb2-410a-af65-5eca0894f4d6,1db516bc-ff56-4609-b115-e2560b479695,stress2wtr2,stress2cash@mailinator.com,stress2kds@mailinator.com,Test@123,,
stresstwo,4366c7df-2fb2-410a-af65-5eca0894f4d6,20be351f-c439-4b62-9703-ffe7b57f2bff,stress2wtr3,stress2cash@mailinator.com,stress2kds@mailinator.com,Test@123,,
stresstwo,4366c7df-2fb2-410a-af65-5eca0894f4d6,3a2fcb21-0021-402f-a50b-727bd1ec71f8,stress2wtr4,stress2cash@mailinator.com,stress2kds@mailinator.com,Test@123,,
stresstwo,4366c7df-2fb2-410a-af65-5eca0894f4d6,40eb675a-b71b-4fa2-ab37-6d2f398df659,stress2wtr1,stress2cash@mailinator.com,stress2kds@mailinator.com,Test@123,,
stresstwo,4366c7df-2fb2-410a-af65-5eca0894f4d6,45b51b0c-ae8a-46f6-ab42-1518f857d981,stress2wtr2,stress2cash@mailinator.com,stress2kds@mailinator.com,Test@123,,
stresstwo,4366c7df-2fb2-410a-af65-5eca0894f4d6,5908d995-de71-4fb1-ab81-873e85896460,stress2wtr3,stress2cash@mailinator.com,stress2kds@mailinator.com,Test@123,,
stresstwo,4366c7df-2fb2-410a-af65-5eca0894f4d6,5f0fa8a4-d5b1-4f68-9570-55f17343959f,stress2wtr4,stress2cash@mailinator.com,stress2kds@mailinator.com,Test@123,,
stresstwo,4366c7df-2fb2-410a-af65-5eca0894f4d6,712468a6-b354-4d1b-9b02-1a2a5ca72412,stress2wtr1,stress2cash@mailinator.com,stress2kds@mailinator.com,Test@123,,
stresstwo,4366c7df-2fb2-410a-af65-5eca0894f4d6,796c46dc-f8a5-4e07-8829-c0464f98d7cf,stress2wtr2,stress2cash@mailinator.com,stress2kds@mailinator.com,Test@123,,
stresstwo,4366c7df-2fb2-410a-af65-5eca0894f4d6,9070ddf4-9677-41fa-96ab-e6d61240b594,stress2wtr3,stress2cash@mailinator.com,stress2kds@mailinator.com,Test@123,,
stresstwo,4366c7df-2fb2-410a-af65-5eca0894f4d6,91ed1856-885b-4e4e-9a98-10acffa49a29,stress2wtr4,stress2cash@mailinator.com,stress2kds@mailinator.com,Test@123,,
stresstwo,4366c7df-2fb2-410a-af65-5eca0894f4d6,95d1b236-0c25-4a9c-a26e-f59e68d83d29,stress2wtr1,stress2cash@mailinator.com,stress2kds@mailinator.com,Test@123,,
stresstwo,4366c7df-2fb2-410a-af65-5eca0894f4d6,97ad74a4-e4fc-4756-b14d-b6288540a3da,stress2wtr2,stress2cash@mailinator.com,stress2kds@mailinator.com,Test@123,,
stresstwo,4366c7df-2fb2-410a-af65-5eca0894f4d6,9b3e0e32-cd60-4d02-bdde-2ca90d458aad,stress2wtr3,stress2cash@mailinator.com,stress2kds@mailinator.com,Test@123,,
stresstwo,4366c7df-2fb2-410a-af65-5eca0894f4d6,a8646f53-8f1c-4728-893a-1a79e92e510d,stress2wtr4,stress2cash@mailinator.com,stress2kds@mailinator.com,Test@123,,
stresstwo,4366c7df-2fb2-410a-af65-5eca0894f4d6,ac67401d-79cd-4379-a6e1-278c0506c2cd,stress2wtr5,stress2cash@mailinator.com,stress2kds@mailinator.com,Test@123,,
stresstwo,4366c7df-2fb2-410a-af65-5eca0894f4d6,b82c4b2f-49ce-40fa-8553-3dfbecaddce1,stress2wtr5,stress2cash@mailinator.com,stress2kds@mailinator.com,Test@123,,
stresstwo,4366c7df-2fb2-410a-af65-5eca0894f4d6,c67ffaf7-4f73-4f55-a1e3-6316a187cfc2,stress2wtr5,stress2cash@mailinator.com,stress2kds@mailinator.com,Test@123,,
stresstwo,4366c7df-2fb2-410a-af65-5eca0894f4d6,fa88d7f6-8238-4270-96b4-896a577dda89,stress2wtr5,stress2cash@mailinator.com,stress2kds@mailinator.com,Test@123,,
stresstwo,4366c7df-2fb2-410a-af65-5eca0894f4d6,fb3adda6-641f-476e-925f-27e745410e04,stress2wtr5,stress2cash@mailinator.com,stress2kds@mailinator.com,Test@123,,
stressthree,bcb9ee77-d1f3-4df0-8441-1f45ff8bf153,09dd68ac-5efb-4d0d-b938-0173bd26e668,stress3wtr1,stress3cash@mailinator.com,stress3kds@mailinator.com,Test@123,,
stressthree,bcb9ee77-d1f3-4df0-8441-1f45ff8bf153,0a436cf4-da9e-4dc2-b317-4416b0f6801d,stress3wtr2,stress3cash@mailinator.com,stress3kds@mailinator.com,Test@123,,
stressthree,bcb9ee77-d1f3-4df0-8441-1f45ff8bf153,0cd2a041-0c76-4c76-9819-4677b75ca454,stress3wtr3,stress3cash@mailinator.com,stress3kds@mailinator.com,Test@123,,
stressthree,bcb9ee77-d1f3-4df0-8441-1f45ff8bf153,0f30afc6-dbe1-4662-9b40-a8b68491399f,stress3wtr4,stress3cash@mailinator.com,stress3kds@mailinator.com,Test@123,,
stressthree,bcb9ee77-d1f3-4df0-8441-1f45ff8bf153,133d770e-45a2-4530-b15d-49be4b13b94d,stress3wtr1,stress3cash@mailinator.com,stress3kds@mailinator.com,Test@123,,
stressthree,bcb9ee77-d1f3-4df0-8441-1f45ff8bf153,2c71622d-6144-4958-b109-27d15c23e90c,stress3wtr2,stress3cash@mailinator.com,stress3kds@mailinator.com,Test@123,,
stressthree,bcb9ee77-d1f3-4df0-8441-1f45ff8bf153,2cd758ee-2ea2-4306-9043-756dad6e282b,stress3wtr3,stress3cash@mailinator.com,stress3kds@mailinator.com,Test@123,,
stressthree,bcb9ee77-d1f3-4df0-8441-1f45ff8bf153,3ef80cc5-55c5-4359-b4d2-47677acd62c2,stress3wtr4,stress3cash@mailinator.com,stress3kds@mailinator.com,Test@123,,
stressthree,bcb9ee77-d1f3-4df0-8441-1f45ff8bf153,5aa7d7e0-7487-44c2-a154-71df73157249,stress3wtr1,stress3cash@mailinator.com,stress3kds@mailinator.com,Test@123,,
stressthree,bcb9ee77-d1f3-4df0-8441-1f45ff8bf153,6fafc2d0-a1d1-4060-8faf-39e11ceed9d1,stress3wtr2,stress3cash@mailinator.com,stress3kds@mailinator.com,Test@123,,
stressthree,bcb9ee77-d1f3-4df0-8441-1f45ff8bf153,7616ecb6-e23b-4efd-a58c-f845befc653b,stress3wtr3,stress3cash@mailinator.com,stress3kds@mailinator.com,Test@123,,
stressthree,bcb9ee77-d1f3-4df0-8441-1f45ff8bf153,782c8a20-00f7-420a-948d-747bef63cb96,stress3wtr4,stress3cash@mailinator.com,stress3kds@mailinator.com,Test@123,,
stressthree,bcb9ee77-d1f3-4df0-8441-1f45ff8bf153,8105904c-7798-46bf-812f-48b120b58f86,stress3wtr1,stress3cash@mailinator.com,stress3kds@mailinator.com,Test@123,,
stressthree,bcb9ee77-d1f3-4df0-8441-1f45ff8bf153,8187d065-2fdf-4c15-9af7-415f2724d734,stress3wtr2,stress3cash@mailinator.com,stress3kds@mailinator.com,Test@123,,
stressthree,bcb9ee77-d1f3-4df0-8441-1f45ff8bf153,83fac2b1-8bbe-46a5-b03c-f8a7c3c42d7f,stress3wtr3,stress3cash@mailinator.com,stress3kds@mailinator.com,Test@123,,
stressthree,bcb9ee77-d1f3-4df0-8441-1f45ff8bf153,9b183032-49f3-40ca-8b7a-3f179c7d5b05,stress3wtr4,stress3cash@mailinator.com,stress3kds@mailinator.com,Test@123,,
stressthree,bcb9ee77-d1f3-4df0-8441-1f45ff8bf153,b5d5c82c-d1e0-4b7d-ba39-318c91fdc876,stress3wtr5,stress3cash@mailinator.com,stress3kds@mailinator.com,Test@123,,
stressthree,bcb9ee77-d1f3-4df0-8441-1f45ff8bf153,c224d4ee-58cd-462e-9940-847a5fcddba9,stress3wtr5,stress3cash@mailinator.com,stress3kds@mailinator.com,Test@123,,
stressthree,bcb9ee77-d1f3-4df0-8441-1f45ff8bf153,c3b2d85b-9ec2-40ec-b940-9fc162d65634,stress3wtr5,stress3cash@mailinator.com,stress3kds@mailinator.com,Test@123,,
stressthree,bcb9ee77-d1f3-4df0-8441-1f45ff8bf153,dc45d265-5515-4f99-a8b6-9bd7bf32ae37,stress3wtr5,stress3cash@mailinator.com,stress3kds@mailinator.com,Test@123,,
stressthree,bcb9ee77-d1f3-4df0-8441-1f45ff8bf153,f7aa3d38-7a6a-472b-8195-45cd03e36a8d,stress3wtr5,stress3cash@mailinator.com,stress3kds@mailinator.com,Test@123,,
stressfour,2b13da13-5d73-42da-8e27-20b300ff3f71,0bc7c363-c84a-4843-907a-1393afe55b54,stress4wtr1,stress4cash@mailinator.com,stress4kds@mailinator.com,Test@123,,
stressfour,2b13da13-5d73-42da-8e27-20b300ff3f71,0f4bf04b-0432-45fa-b4d2-b2de63c559e8,stress4wtr2,stress4cash@mailinator.com,stress4kds@mailinator.com,Test@123,,
stressfour,2b13da13-5d73-42da-8e27-20b300ff3f71,1ebac727-8a83-4e66-a575-d00043cc09b8,stress4wtr3,stress4cash@mailinator.com,stress4kds@mailinator.com,Test@123,,
stressfour,2b13da13-5d73-42da-8e27-20b300ff3f71,246fcb3f-fc6e-430f-9d2d-e49d71f1aa60,stress4wtr4,stress4cash@mailinator.com,stress4kds@mailinator.com,Test@123,,
stressfour,2b13da13-5d73-42da-8e27-20b300ff3f71,34f87b7a-8655-465e-a2f1-02fd6013164e,stress4wtr1,stress4cash@mailinator.com,stress4kds@mailinator.com,Test@123,,
stressfour,2b13da13-5d73-42da-8e27-20b300ff3f71,3d7b2f12-80e3-4d8f-a1b3-0f830a7369a9,stress4wtr2,stress4cash@mailinator.com,stress4kds@mailinator.com,Test@123,,
stressfour,2b13da13-5d73-42da-8e27-20b300ff3f71,46ed516d-1077-4b97-8a77-b91cd06cb3b3,stress4wtr3,stress4cash@mailinator.com,stress4kds@mailinator.com,Test@123,,
stressfour,2b13da13-5d73-42da-8e27-20b300ff3f71,471ea110-f1c9-4429-a5d4-b414dd080716,stress4wtr4,stress4cash@mailinator.com,stress4kds@mailinator.com,Test@123,,
stressfour,2b13da13-5d73-42da-8e27-20b300ff3f71,47c828d0-cda5-4001-89b4-d203c710e7df,stress4wtr1,stress4cash@mailinator.com,stress4kds@mailinator.com,Test@123,,
stressfour,2b13da13-5d73-42da-8e27-20b300ff3f71,513dc195-d7b2-48dc-aaaf-2fb9df9d7489,stress4wtr2,stress4cash@mailinator.com,stress4kds@mailinator.com,Test@123,,
stressfour,2b13da13-5d73-42da-8e27-20b300ff3f71,64876c5e-2672-43a9-b9a7-75b89a65b1e6,stress4wtr3,stress4cash@mailinator.com,stress4kds@mailinator.com,Test@123,,
stressfour,2b13da13-5d73-42da-8e27-20b300ff3f71,7694f91b-58a5-4c7f-9477-9e079d65cae7,stress4wtr4,stress4cash@mailinator.com,stress4kds@mailinator.com,Test@123,,
stressfour,2b13da13-5d73-42da-8e27-20b300ff3f71,7acc2155-8bcc-463f-b1f5-c38c81c8f73f,stress4wtr1,stress4cash@mailinator.com,stress4kds@mailinator.com,Test@123,,
stressfour,2b13da13-5d73-42da-8e27-20b300ff3f71,8283e96d-1353-4dea-9be8-449a3955f0f1,stress4wtr2,stress4cash@mailinator.com,stress4kds@mailinator.com,Test@123,,
stressfour,2b13da13-5d73-42da-8e27-20b300ff3f71,91e5fa25-a2f3-4a03-81a2-b7f2fb4f969e,stress4wtr3,stress4cash@mailinator.com,stress4kds@mailinator.com,Test@123,,
stressfour,2b13da13-5d73-42da-8e27-20b300ff3f71,9ed66be3-366e-4bed-9721-cd048f2dd12b,stress4wtr4,stress4cash@mailinator.com,stress4kds@mailinator.com,Test@123,,
stressfour,2b13da13-5d73-42da-8e27-20b300ff3f71,bd435786-7810-4a2c-a789-6821f3f7b89d,stress4wtr5,stress4cash@mailinator.com,stress4kds@mailinator.com,Test@123,,
stressfour,2b13da13-5d73-42da-8e27-20b300ff3f71,eb35efab-dc0c-488d-8a6c-236016081891,stress4wtr5,stress4cash@mailinator.com,stress4kds@mailinator.com,Test@123,,
stressfour,2b13da13-5d73-42da-8e27-20b300ff3f71,efca7f14-ed16-4f75-9d1b-40b96ad493c7,stress4wtr5,stress4cash@mailinator.com,stress4kds@mailinator.com,Test@123,,
stressfour,2b13da13-5d73-42da-8e27-20b300ff3f71,f509df13-27a0-4fda-8949-4ed0646e59f9,stress4wtr5,stress4cash@mailinator.com,stress4kds@mailinator.com,Test@123,,
stressfour,2b13da13-5d73-42da-8e27-20b300ff3f71,f70960b6-2875-42dd-8689-0008811255d4,stress4wtr5,stress4cash@mailinator.com,stress4kds@mailinator.com,Test@123,,
stressfive,5d9c6998-e440-4b5f-bc37-91da9b58e02f,21b7b4ec-d2f1-4dde-8500-1acba9eaec4b,stress5wtr1,stress5cash@mailinator.com,stress5kds@mailinator.com,Test@123,,
stressfive,5d9c6998-e440-4b5f-bc37-91da9b58e02f,2d4e5e1a-c616-4be9-b6a2-ff2b009553e1,stress5wtr2,stress5cash@mailinator.com,stress5kds@mailinator.com,Test@123,,
stressfive,5d9c6998-e440-4b5f-bc37-91da9b58e02f,2d7100dc-4786-4b52-aef4-e902760fc99a,stress5wtr3,stress5cash@mailinator.com,stress5kds@mailinator.com,Test@123,,
stressfive,5d9c6998-e440-4b5f-bc37-91da9b58e02f,3b63ec9a-06e6-45c8-8d55-3f285acf97a4,stress5wtr4,stress5cash@mailinator.com,stress5kds@mailinator.com,Test@123,,
stressfive,5d9c6998-e440-4b5f-bc37-91da9b58e02f,4228e82c-9d4a-4a76-a438-20abde162914,stress5wtr1,stress5cash@mailinator.com,stress5kds@mailinator.com,Test@123,,
stressfive,5d9c6998-e440-4b5f-bc37-91da9b58e02f,547ae85f-6cdc-4cf3-bebd-63cb3738bc00,stress5wtr2,stress5cash@mailinator.com,stress5kds@mailinator.com,Test@123,,
stressfive,5d9c6998-e440-4b5f-bc37-91da9b58e02f,56cb86f7-dda1-4582-b76b-a466869eba5a,stress5wtr3,stress5cash@mailinator.com,stress5kds@mailinator.com,Test@123,,
stressfive,5d9c6998-e440-4b5f-bc37-91da9b58e02f,6473a27e-47ed-474e-bd22-e59d694114f2,stress5wtr4,stress5cash@mailinator.com,stress5kds@mailinator.com,Test@123,,
stressfive,5d9c6998-e440-4b5f-bc37-91da9b58e02f,6b6812a2-d638-4691-bdce-53c3ed07ef6a,stress5wtr1,stress5cash@mailinator.com,stress5kds@mailinator.com,Test@123,,
stressfive,5d9c6998-e440-4b5f-bc37-91da9b58e02f,6c228124-04cb-4ce0-b084-613af0b57893,stress5wtr2,stress5cash@mailinator.com,stress5kds@mailinator.com,Test@123,,
stressfive,5d9c6998-e440-4b5f-bc37-91da9b58e02f,77836658-a81b-4a0a-98b6-2fe463611990,stress5wtr3,stress5cash@mailinator.com,stress5kds@mailinator.com,Test@123,,
stressfive,5d9c6998-e440-4b5f-bc37-91da9b58e02f,8aeeaaad-5e76-453d-8955-2af7a6999b71,stress5wtr4,stress5cash@mailinator.com,stress5kds@mailinator.com,Test@123,,
stressfive,5d9c6998-e440-4b5f-bc37-91da9b58e02f,8f814d3d-33c5-4e90-af3f-d90b6ab860f5,stress5wtr1,stress5cash@mailinator.com,stress5kds@mailinator.com,Test@123,,
stressfive,5d9c6998-e440-4b5f-bc37-91da9b58e02f,9cf33736-dc78-44de-baa3-f808659db7cf,stress5wtr2,stress5cash@mailinator.com,stress5kds@mailinator.com,Test@123,,
stressfive,5d9c6998-e440-4b5f-bc37-91da9b58e02f,a5c3a482-406b-47d4-8c20-d49a058ee05c,stress5wtr3,stress5cash@mailinator.com,stress5kds@mailinator.com,Test@123,,
stressfive,5d9c6998-e440-4b5f-bc37-91da9b58e02f,b8b7a5a6-e4e0-4452-b20b-8671ae91a781,stress5wtr4,stress5cash@mailinator.com,stress5kds@mailinator.com,Test@123,,
stressfive,5d9c6998-e440-4b5f-bc37-91da9b58e02f,c4f43f43-7aa9-4a11-926e-daa10c017d49,stress5wtr5,stress5cash@mailinator.com,stress5kds@mailinator.com,Test@123,,
stressfive,5d9c6998-e440-4b5f-bc37-91da9b58e02f,c69faa29-89ed-4ee6-9256-9fd11678c15c,stress5wtr5,stress5cash@mailinator.com,stress5kds@mailinator.com,Test@123,,
stressfive,5d9c6998-e440-4b5f-bc37-91da9b58e02f,d81a6ccf-a1d2-4327-a34d-75a7b1ea3175,stress5wtr5,stress5cash@mailinator.com,stress5kds@mailinator.com,Test@123,,
stressfive,5d9c6998-e440-4b5f-bc37-91da9b58e02f,ed61995c-e033-4510-a478-b5ddda7ebf93,stress5wtr5,stress5cash@mailinator.com,stress5kds@mailinator.com,Test@123,,
stressfive,5d9c6998-e440-4b5f-bc37-91da9b58e02f,ef18377f-e361-4296-9a9f-65ee8a3bb94f,stress5wtr5,stress5cash@mailinator.com,stress5kds@mailinator.com,Test@123,,
stresssix,5f78bd5e-681a-4643-9e0a-7a1429af318f,060607e4-bc93-4b58-ba76-aacc60545523,stress6wtr1,stress6cash@mailinator.com,stress6kds@mailinator.com,Test@123,,
stresssix,5f78bd5e-681a-4643-9e0a-7a1429af318f,0695c179-0b85-4c78-8f52-097ef3b9744e,stress6wtr2,stress6cash@mailinator.com,stress6kds@mailinator.com,Test@123,,
stresssix,5f78bd5e-681a-4643-9e0a-7a1429af318f,0b9cedff-c0e2-43cc-ba76-ab40d7875fbf,stress6wtr3,stress6cash@mailinator.com,stress6kds@mailinator.com,Test@123,,
stresssix,5f78bd5e-681a-4643-9e0a-7a1429af318f,0eae0af2-48b6-41e7-a523-7d0490bd27b5,stress6wtr4,stress6cash@mailinator.com,stress6kds@mailinator.com,Test@123,,
stresssix,5f78bd5e-681a-4643-9e0a-7a1429af318f,11db6222-3a0a-491a-80eb-b83f1188df6a,stress6wtr1,stress6cash@mailinator.com,stress6kds@mailinator.com,Test@123,,
stresssix,5f78bd5e-681a-4643-9e0a-7a1429af318f,2238dc74-496a-43e8-8a5e-94b70a89ae53,stress6wtr2,stress6cash@mailinator.com,stress6kds@mailinator.com,Test@123,,
stresssix,5f78bd5e-681a-4643-9e0a-7a1429af318f,29832542-9ca5-4450-b7ba-00c592b901ec,stress6wtr3,stress6cash@mailinator.com,stress6kds@mailinator.com,Test@123,,
stresssix,5f78bd5e-681a-4643-9e0a-7a1429af318f,3a0f7a05-57c5-4f9e-a82c-994c051c6bb8,stress6wtr4,stress6cash@mailinator.com,stress6kds@mailinator.com,Test@123,,
stresssix,5f78bd5e-681a-4643-9e0a-7a1429af318f,3fc79f57-0617-4c87-bfbb-dd581b11d8d6,stress6wtr1,stress6cash@mailinator.com,stress6kds@mailinator.com,Test@123,,
stresssix,5f78bd5e-681a-4643-9e0a-7a1429af318f,4b85e886-201c-4163-96b2-7aea6c7cad17,stress6wtr2,stress6cash@mailinator.com,stress6kds@mailinator.com,Test@123,,
stresssix,5f78bd5e-681a-4643-9e0a-7a1429af318f,716ddfb8-5e11-4ddb-bdbd-59c9a0f44ef0,stress6wtr3,stress6cash@mailinator.com,stress6kds@mailinator.com,Test@123,,
stresssix,5f78bd5e-681a-4643-9e0a-7a1429af318f,7306ff4b-248f-4b67-956e-86d9b52d2883,stress6wtr4,stress6cash@mailinator.com,stress6kds@mailinator.com,Test@123,,
stresssix,5f78bd5e-681a-4643-9e0a-7a1429af318f,7cb9367e-f56a-4d0a-b1df-856c6caab4a8,stress6wtr1,stress6cash@mailinator.com,stress6kds@mailinator.com,Test@123,,
stresssix,5f78bd5e-681a-4643-9e0a-7a1429af318f,8fdb55b3-1ddf-493d-9ed0-b2e9f9afa590,stress6wtr2,stress6cash@mailinator.com,stress6kds@mailinator.com,Test@123,,
stresssix,5f78bd5e-681a-4643-9e0a-7a1429af318f,9bda4e82-8da8-4eb9-9728-03e425cdd264,stress6wtr3,stress6cash@mailinator.com,stress6kds@mailinator.com,Test@123,,
stresssix,5f78bd5e-681a-4643-9e0a-7a1429af318f,abb392b0-fc3b-40c5-be9e-38a6946ab762,stress6wtr4,stress6cash@mailinator.com,stress6kds@mailinator.com,Test@123,,
stresssix,5f78bd5e-681a-4643-9e0a-7a1429af318f,ba5c07fb-6a84-4dc5-a7b2-9ed2240088cb,stress6wtr5,stress6cash@mailinator.com,stress6kds@mailinator.com,Test@123,,
stresssix,5f78bd5e-681a-4643-9e0a-7a1429af318f,d07fb55f-db4c-48ef-9293-061b707b8153,stress6wtr5,stress6cash@mailinator.com,stress6kds@mailinator.com,Test@123,,
stresssix,5f78bd5e-681a-4643-9e0a-7a1429af318f,d55999b7-4961-4000-8942-b69594e8feef,stress6wtr5,stress6cash@mailinator.com,stress6kds@mailinator.com,Test@123,,
stresssix,5f78bd5e-681a-4643-9e0a-7a1429af318f,dd5160be-2e95-4dff-9915-5bc4e55a8562,stress6wtr5,stress6cash@mailinator.com,stress6kds@mailinator.com,Test@123,,
stresssix,5f78bd5e-681a-4643-9e0a-7a1429af318f,f64f909b-86bd-4d17-bf1e-09ef63d27703,stress6wtr5,stress6cash@mailinator.com,stress6kds@mailinator.com,Test@123,,
stressseven,ec5d9d79-d7c3-481a-9040-7d38c2d367a3,0497a40c-9084-4709-b9c7-026aa7e0e6ae,stress7wtr1,stress7cash@mailinator.com,stress7kds@mailinator.com,Test@123,,
stressseven,ec5d9d79-d7c3-481a-9040-7d38c2d367a3,1e631594-89b4-47d5-bc48-cd9e415fe75c,stress7wtr2,stress7cash@mailinator.com,stress7kds@mailinator.com,Test@123,,
stressseven,ec5d9d79-d7c3-481a-9040-7d38c2d367a3,1e953356-d3f3-41ae-982c-3fff69723e34,stress7wtr3,stress7cash@mailinator.com,stress7kds@mailinator.com,Test@123,,
stressseven,ec5d9d79-d7c3-481a-9040-7d38c2d367a3,396ea987-cf48-418d-8480-7ae702108a2e,stress7wtr4,stress7cash@mailinator.com,stress7kds@mailinator.com,Test@123,,
stressseven,ec5d9d79-d7c3-481a-9040-7d38c2d367a3,494e8391-4b2a-4ab5-9c17-2bdd50c7554e,stress7wtr1,stress7cash@mailinator.com,stress7kds@mailinator.com,Test@123,,
stressseven,ec5d9d79-d7c3-481a-9040-7d38c2d367a3,620d336d-e28c-4c2b-a2d6-dd4224449331,stress7wtr2,stress7cash@mailinator.com,stress7kds@mailinator.com,Test@123,,
stressseven,ec5d9d79-d7c3-481a-9040-7d38c2d367a3,6975327f-9ce8-4010-8364-0dbaaea98a1b,stress7wtr3,stress7cash@mailinator.com,stress7kds@mailinator.com,Test@123,,
stressseven,ec5d9d79-d7c3-481a-9040-7d38c2d367a3,6a96044f-c754-41eb-bba3-0687489f3d3b,stress7wtr4,stress7cash@mailinator.com,stress7kds@mailinator.com,Test@123,,
stressseven,ec5d9d79-d7c3-481a-9040-7d38c2d367a3,72df4777-fce9-451d-bc16-cea3a348c644,stress7wtr1,stress7cash@mailinator.com,stress7kds@mailinator.com,Test@123,,
stressseven,ec5d9d79-d7c3-481a-9040-7d38c2d367a3,76a407f1-2955-4214-b867-938fb80e140f,stress7wtr2,stress7cash@mailinator.com,stress7kds@mailinator.com,Test@123,,
stressseven,ec5d9d79-d7c3-481a-9040-7d38c2d367a3,771c56f1-2c7a-4ca7-a9b7-88157d6c3225,stress7wtr3,stress7cash@mailinator.com,stress7kds@mailinator.com,Test@123,,
stressseven,ec5d9d79-d7c3-481a-9040-7d38c2d367a3,86656ee9-401e-4b79-9d21-c332515a8f87,stress7wtr4,stress7cash@mailinator.com,stress7kds@mailinator.com,Test@123,,
stressseven,ec5d9d79-d7c3-481a-9040-7d38c2d367a3,8674c5d6-4add-463f-97e0-56cddeb262ac,stress7wtr1,stress7cash@mailinator.com,stress7kds@mailinator.com,Test@123,,
stressseven,ec5d9d79-d7c3-481a-9040-7d38c2d367a3,9584e5a6-9961-4a9c-8f33-0216a4645a87,stress7wtr2,stress7cash@mailinator.com,stress7kds@mailinator.com,Test@123,,
stressseven,ec5d9d79-d7c3-481a-9040-7d38c2d367a3,9cc5e6fb-31ab-488e-9808-754d64e2333a,stress7wtr3,stress7cash@mailinator.com,stress7kds@mailinator.com,Test@123,,
stressseven,ec5d9d79-d7c3-481a-9040-7d38c2d367a3,ce3ef432-3cea-40ad-9b0f-a04cf41da4ac,stress7wtr4,stress7cash@mailinator.com,stress7kds@mailinator.com,Test@123,,
stressseven,ec5d9d79-d7c3-481a-9040-7d38c2d367a3,de1c2e4e-f697-4e0f-825c-cc2dd6be8dce,stress7wtr5,stress7cash@mailinator.com,stress7kds@mailinator.com,Test@123,,
stressseven,ec5d9d79-d7c3-481a-9040-7d38c2d367a3,e0bb4479-9ff8-4686-a114-c11416ba69cd,stress7wtr5,stress7cash@mailinator.com,stress7kds@mailinator.com,Test@123,,
stressseven,ec5d9d79-d7c3-481a-9040-7d38c2d367a3,e35d5cb6-92fe-4946-bc32-1bf416bc30bb,stress7wtr5,stress7cash@mailinator.com,stress7kds@mailinator.com,Test@123,,
stressseven,ec5d9d79-d7c3-481a-9040-7d38c2d367a3,e4f0f839-f1a7-4ea3-b231-59a8667cb350,stress7wtr5,stress7cash@mailinator.com,stress7kds@mailinator.com,Test@123,,
stressseven,ec5d9d79-d7c3-481a-9040-7d38c2d367a3,fcef1e28-bc1e-4334-a6eb-d769e5339f7c,stress7wtr5,stress7cash@mailinator.com,stress7kds@mailinator.com,Test@123,,
stresseight,13ca13e6-e7d1-4f1c-8fc4-4b238d2a82b3,0fc3a185-d260-49e7-bbb4-afa67d1eb44e,stress8wtr1,stress8cash@mailinator.com,stress8kds@mailinator.com,Test@123,,
stresseight,13ca13e6-e7d1-4f1c-8fc4-4b238d2a82b3,0ff5db19-e4eb-4383-9e69-26193b50aacd,stress8wtr2,stress8cash@mailinator.com,stress8kds@mailinator.com,Test@123,,
stresseight,13ca13e6-e7d1-4f1c-8fc4-4b238d2a82b3,1dac1419-357b-498d-921a-eafddfb99ec3,stress8wtr3,stress8cash@mailinator.com,stress8kds@mailinator.com,Test@123,,
stresseight,13ca13e6-e7d1-4f1c-8fc4-4b238d2a82b3,1f72b3ed-53d0-4708-91af-18996992769b,stress8wtr4,stress8cash@mailinator.com,stress8kds@mailinator.com,Test@123,,
stresseight,13ca13e6-e7d1-4f1c-8fc4-4b238d2a82b3,20610508-1126-4f1e-95c5-aec9f5880b7f,stress8wtr1,stress8cash@mailinator.com,stress8kds@mailinator.com,Test@123,,
stresseight,13ca13e6-e7d1-4f1c-8fc4-4b238d2a82b3,3af410d1-d3b5-481e-8fb0-8636630728e9,stress8wtr2,stress8cash@mailinator.com,stress8kds@mailinator.com,Test@123,,
stresseight,13ca13e6-e7d1-4f1c-8fc4-4b238d2a82b3,40e3151b-c19c-407f-a8b4-72d4b0164326,stress8wtr3,stress8cash@mailinator.com,stress8kds@mailinator.com,Test@123,,
stresseight,13ca13e6-e7d1-4f1c-8fc4-4b238d2a82b3,67faa6f1-46d2-433c-aa24-a3b224a51518,stress8wtr4,stress8cash@mailinator.com,stress8kds@mailinator.com,Test@123,,
stresseight,13ca13e6-e7d1-4f1c-8fc4-4b238d2a82b3,756c8ebc-e6b2-43af-93bc-4aeeedba0a31,stress8wtr1,stress8cash@mailinator.com,stress8kds@mailinator.com,Test@123,,
stresseight,13ca13e6-e7d1-4f1c-8fc4-4b238d2a82b3,893f05e9-22a8-41da-a376-5002d9919807,stress8wtr2,stress8cash@mailinator.com,stress8kds@mailinator.com,Test@123,,
stresseight,13ca13e6-e7d1-4f1c-8fc4-4b238d2a82b3,953d391e-7d29-44ba-8494-9290182976d8,stress8wtr3,stress8cash@mailinator.com,stress8kds@mailinator.com,Test@123,,
stresseight,13ca13e6-e7d1-4f1c-8fc4-4b238d2a82b3,aa25b3c4-b234-454c-b0c2-aae275444b27,stress8wtr4,stress8cash@mailinator.com,stress8kds@mailinator.com,Test@123,,
stresseight,13ca13e6-e7d1-4f1c-8fc4-4b238d2a82b3,bd5a24e1-6be1-416e-bcb7-439bee31d082,stress8wtr1,stress8cash@mailinator.com,stress8kds@mailinator.com,Test@123,,
stresseight,13ca13e6-e7d1-4f1c-8fc4-4b238d2a82b3,c7a540fb-5cf0-4d63-9c03-0fe75e5f30f4,stress8wtr2,stress8cash@mailinator.com,stress8kds@mailinator.com,Test@123,,
stresseight,13ca13e6-e7d1-4f1c-8fc4-4b238d2a82b3,cd59c877-e5f7-4b2a-8c94-de3cbd86dc52,stress8wtr3,stress8cash@mailinator.com,stress8kds@mailinator.com,Test@123,,
stresseight,13ca13e6-e7d1-4f1c-8fc4-4b238d2a82b3,e016dcef-0931-4d7f-807c-dd1fec73a309,stress8wtr4,stress8cash@mailinator.com,stress8kds@mailinator.com,Test@123,,
stresseight,13ca13e6-e7d1-4f1c-8fc4-4b238d2a82b3,e220c911-28b1-4670-abd6-346a67e658df,stress8wtr5,stress8cash@mailinator.com,stress8kds@mailinator.com,Test@123,,
stresseight,13ca13e6-e7d1-4f1c-8fc4-4b238d2a82b3,e3cb9580-fa3c-4162-b8c4-3e61c3fee35d,stress8wtr5,stress8cash@mailinator.com,stress8kds@mailinator.com,Test@123,,
stresseight,13ca13e6-e7d1-4f1c-8fc4-4b238d2a82b3,f48ac4ac-5a01-4ef8-b377-521399bdac7c,stress8wtr5,stress8cash@mailinator.com,stress8kds@mailinator.com,Test@123,,
stresseight,13ca13e6-e7d1-4f1c-8fc4-4b238d2a82b3,f5a3ae1f-bee7-4a2a-90f1-3932a3743f10,stress8wtr5,stress8cash@mailinator.com,stress8kds@mailinator.com,Test@123,,
stressnine,f3997fcd-2485-4baa-b02b-844e78a44d3d,1108a600-80d8-4023-9696-c86927693761,stress9wtr1,stress9cash@mailinator.com,stress9kds@mailinator.com,Test@123,,
stressnine,f3997fcd-2485-4baa-b02b-844e78a44d3d,125cd372-0086-4452-b776-7edb76f582bd,stress9wtr2,stress9cash@mailinator.com,stress9kds@mailinator.com,Test@123,,
stressnine,f3997fcd-2485-4baa-b02b-844e78a44d3d,14dba0b4-7961-492a-9fab-da34f634f807,stress9wtr3,stress9cash@mailinator.com,stress9kds@mailinator.com,Test@123,,
stressnine,f3997fcd-2485-4baa-b02b-844e78a44d3d,2c5f4acc-859f-4868-a894-c702b8f12783,stress9wtr4,stress9cash@mailinator.com,stress9kds@mailinator.com,Test@123,,
stressnine,f3997fcd-2485-4baa-b02b-844e78a44d3d,3d016a3e-ad22-4d80-b7a7-5ff1c4c34894,stress9wtr1,stress9cash@mailinator.com,stress9kds@mailinator.com,Test@123,,
stressnine,f3997fcd-2485-4baa-b02b-844e78a44d3d,5433b642-7559-4d45-8cc2-f372cbc5e9f5,stress9wtr2,stress9cash@mailinator.com,stress9kds@mailinator.com,Test@123,,
stressnine,f3997fcd-2485-4baa-b02b-844e78a44d3d,598d6fec-f053-436d-a86b-3827d88ae57c,stress9wtr3,stress9cash@mailinator.com,stress9kds@mailinator.com,Test@123,,
stressnine,f3997fcd-2485-4baa-b02b-844e78a44d3d,645d7428-ecea-4173-ad91-76bf1c93f84e,stress9wtr4,stress9cash@mailinator.com,stress9kds@mailinator.com,Test@123,,
stressnine,f3997fcd-2485-4baa-b02b-844e78a44d3d,73f1c73c-f925-46e0-95ea-4f98f249575b,stress9wtr1,stress9cash@mailinator.com,stress9kds@mailinator.com,Test@123,,
stressnine,f3997fcd-2485-4baa-b02b-844e78a44d3d,758da668-9feb-4c5c-b0c4-0602acce123f,stress9wtr2,stress9cash@mailinator.com,stress9kds@mailinator.com,Test@123,,
stressnine,f3997fcd-2485-4baa-b02b-844e78a44d3d,82a49311-6e2b-4d4b-b05b-e1e7949586a7,stress9wtr3,stress9cash@mailinator.com,stress9kds@mailinator.com,Test@123,,
stressnine,f3997fcd-2485-4baa-b02b-844e78a44d3d,8dea75ea-c72f-48eb-a343-e6c6eb2f330b,stress9wtr4,stress9cash@mailinator.com,stress9kds@mailinator.com,Test@123,,
stressnine,f3997fcd-2485-4baa-b02b-844e78a44d3d,b215e574-f157-477e-8f16-9cca50ec8138,stress9wtr1,stress9cash@mailinator.com,stress9kds@mailinator.com,Test@123,,
stressnine,f3997fcd-2485-4baa-b02b-844e78a44d3d,b42592eb-8e15-429d-9ec9-1859ea2665df,stress9wtr2,stress9cash@mailinator.com,stress9kds@mailinator.com,Test@123,,
stressnine,f3997fcd-2485-4baa-b02b-844e78a44d3d,c2ecd9fd-9d25-4d9e-af42-fb32b8bf5dbc,stress9wtr3,stress9cash@mailinator.com,stress9kds@mailinator.com,Test@123,,
stressnine,f3997fcd-2485-4baa-b02b-844e78a44d3d,c44704dd-dbe7-4a22-a462-ac81a6e7d4f7,stress9wtr4,stress9cash@mailinator.com,stress9kds@mailinator.com,Test@123,,
stressnine,f3997fcd-2485-4baa-b02b-844e78a44d3d,cc9e4e0e-fc73-432f-8c44-59cb963c15d4,stress9wtr5,stress9cash@mailinator.com,stress9kds@mailinator.com,Test@123,,
stressnine,f3997fcd-2485-4baa-b02b-844e78a44d3d,d32e370f-c58b-4540-b659-b32562e7c668,stress9wtr5,stress9cash@mailinator.com,stress9kds@mailinator.com,Test@123,,
stressnine,f3997fcd-2485-4baa-b02b-844e78a44d3d,db16bdea-af64-4cd5-bd15-ef29c5b326da,stress9wtr5,stress9cash@mailinator.com,stress9kds@mailinator.com,Test@123,,
stressnine,f3997fcd-2485-4baa-b02b-844e78a44d3d,f333be76-f888-4f59-813f-f1f20654b364,stress9wtr5,stress9cash@mailinator.com,stress9kds@mailinator.com,Test@123,,
stressnine,f3997fcd-2485-4baa-b02b-844e78a44d3d,f4c82bfe-e60d-44d9-8f79-71c0cd16b0c2,stress9wtr5,stress9cash@mailinator.com,stress9kds@mailinator.com,Test@123,,
stressten,85269e95-1f3a-4b7b-af0f-1e9211e5997c,11926e68-325a-48e8-a2ee-416ec38b0a41,stress10wtr1,stress10cash@mailinator.com,stress10kds@mailinator.com,Test@123,,
stressten,85269e95-1f3a-4b7b-af0f-1e9211e5997c,3940a365-ba2f-441b-8d94-0fbbc2699b2d,stress10wtr2,stress10cash@mailinator.com,stress10kds@mailinator.com,Test@123,,
stressten,85269e95-1f3a-4b7b-af0f-1e9211e5997c,44116306-a64c-4c56-866a-94ff23755502,stress10wtr3,stress10cash@mailinator.com,stress10kds@mailinator.com,Test@123,,
stressten,85269e95-1f3a-4b7b-af0f-1e9211e5997c,4765fc31-e167-40c8-9a7b-0640ec378e1f,stress10wtr4,stress10cash@mailinator.com,stress10kds@mailinator.com,Test@123,,
stressten,85269e95-1f3a-4b7b-af0f-1e9211e5997c,5ad4ff6e-8dd5-40af-becc-f186b6fd0bfc,stress10wtr1,stress10cash@mailinator.com,stress10kds@mailinator.com,Test@123,,
stressten,85269e95-1f3a-4b7b-af0f-1e9211e5997c,713aa49f-f9e0-4c4b-8b3e-e424c3831fef,stress10wtr2,stress10cash@mailinator.com,stress10kds@mailinator.com,Test@123,,
stressten,85269e95-1f3a-4b7b-af0f-1e9211e5997c,7408e415-d95e-47d6-803a-8cde42f4c0d3,stress10wtr3,stress10cash@mailinator.com,stress10kds@mailinator.com,Test@123,,
stressten,85269e95-1f3a-4b7b-af0f-1e9211e5997c,84263540-9ee0-4e55-a140-a4aaae05ff6a,stress10wtr4,stress10cash@mailinator.com,stress10kds@mailinator.com,Test@123,,
stressten,85269e95-1f3a-4b7b-af0f-1e9211e5997c,84c3f6a4-7046-4915-b0bd-3cfcee105008,stress10wtr1,stress10cash@mailinator.com,stress10kds@mailinator.com,Test@123,,
stressten,85269e95-1f3a-4b7b-af0f-1e9211e5997c,8ebca72f-c2a9-4a5f-a182-98389b5f5f67,stress10wtr2,stress10cash@mailinator.com,stress10kds@mailinator.com,Test@123,,
stressten,85269e95-1f3a-4b7b-af0f-1e9211e5997c,95002ae0-55f8-41f1-b0fe-3207f19e1feb,stress10wtr3,stress10cash@mailinator.com,stress10kds@mailinator.com,Test@123,,
stressten,85269e95-1f3a-4b7b-af0f-1e9211e5997c,9d544257-5c17-4641-8080-888c0f73084d,stress10wtr4,stress10cash@mailinator.com,stress10kds@mailinator.com,Test@123,,
stressten,85269e95-1f3a-4b7b-af0f-1e9211e5997c,9d836c5b-05c4-4de7-9f0f-764f4e1286ad,stress10wtr1,stress10cash@mailinator.com,stress10kds@mailinator.com,Test@123,,
stressten,85269e95-1f3a-4b7b-af0f-1e9211e5997c,9dc128b3-296e-4a07-94a0-fd7c26766b2e,stress10wtr2,stress10cash@mailinator.com,stress10kds@mailinator.com,Test@123,,
stressten,85269e95-1f3a-4b7b-af0f-1e9211e5997c,a930b82c-5ec9-4de2-bafa-2473b9721c4f,stress10wtr3,stress10cash@mailinator.com,stress10kds@mailinator.com,Test@123,,
stressten,85269e95-1f3a-4b7b-af0f-1e9211e5997c,b1d65946-42ee-48fc-bf8f-85ba9b7547ce,stress10wtr4,stress10cash@mailinator.com,stress10kds@mailinator.com,Test@123,,
stressten,85269e95-1f3a-4b7b-af0f-1e9211e5997c,c8c87a4a-d800-4ac3-852e-18530aa4f176,stress10wtr5,stress10cash@mailinator.com,stress10kds@mailinator.com,Test@123,,
stressten,85269e95-1f3a-4b7b-af0f-1e9211e5997c,cdc6c446-335c-4f27-92d8-624bb4a2e5bc,stress10wtr5,stress10cash@mailinator.com,stress10kds@mailinator.com,Test@123,,
stressten,85269e95-1f3a-4b7b-af0f-1e9211e5997c,de6f90b1-e75e-4705-9e9c-d6b4d24d067f,stress10wtr5,stress10cash@mailinator.com,stress10kds@mailinator.com,Test@123,,
stressten,85269e95-1f3a-4b7b-af0f-1e9211e5997c,f0329640-97ce-4b61-8d45-d5335cdf2525,stress10wtr5,stress10cash@mailinator.com,stress10kds@mailinator.com,Test@123,,
stressten,85269e95-1f3a-4b7b-af0f-1e9211e5997c,ff82af7e-fe3c-4e71-86ef-c7cd6f03cb05,stress10wtr5,stress10cash@mailinator.com,stress10kds@mailinator.com,Test@123,,
stresseleven,12392df7-81f7-429b-af37-35227129308d,0481ab09-6a57-4ad8-b078-494a2745b29f,stress11wtr1,stress11cash@mailinator.com,stress11kds@mailinator.com,Test@123,,
stresseleven,12392df7-81f7-429b-af37-35227129308d,0696181a-90c4-4b1a-bfc4-5e4f78a5cfeb,stress11wtr2,stress11cash@mailinator.com,stress11kds@mailinator.com,Test@123,,
stresseleven,12392df7-81f7-429b-af37-35227129308d,11a6a2b2-d497-44a4-a6cc-214cb3976097,stress11wtr3,stress11cash@mailinator.com,stress11kds@mailinator.com,Test@123,,
stresseleven,12392df7-81f7-429b-af37-35227129308d,13157c3a-5bb6-4e1f-afa6-0ca079a2c67c,stress11wtr4,stress11cash@mailinator.com,stress11kds@mailinator.com,Test@123,,
stresseleven,12392df7-81f7-429b-af37-35227129308d,1792ae12-1739-4092-b2e6-dae4da32da41,stress11wtr1,stress11cash@mailinator.com,stress11kds@mailinator.com,Test@123,,
stresseleven,12392df7-81f7-429b-af37-35227129308d,1cbea796-1ed7-4c58-a008-f0c0863ceddc,stress11wtr2,stress11cash@mailinator.com,stress11kds@mailinator.com,Test@123,,
stresseleven,12392df7-81f7-429b-af37-35227129308d,1ced6d57-377b-4e43-83f5-2855d232ce95,stress11wtr3,stress11cash@mailinator.com,stress11kds@mailinator.com,Test@123,,
stresseleven,12392df7-81f7-429b-af37-35227129308d,22cd543e-c641-40f2-8e32-835ae7a22f5f,stress11wtr4,stress11cash@mailinator.com,stress11kds@mailinator.com,Test@123,,
stresseleven,12392df7-81f7-429b-af37-35227129308d,4f2c4416-2ebb-4d5f-aedf-8ff083f92a06,stress11wtr1,stress11cash@mailinator.com,stress11kds@mailinator.com,Test@123,,
stresseleven,12392df7-81f7-429b-af37-35227129308d,7685bb7a-600c-448f-a8ca-95c76aa9d5c1,stress11wtr2,stress11cash@mailinator.com,stress11kds@mailinator.com,Test@123,,
stresseleven,12392df7-81f7-429b-af37-35227129308d,95e58eec-64d1-4f4c-a1d7-db40cc80901a,stress11wtr3,stress11cash@mailinator.com,stress11kds@mailinator.com,Test@123,,
stresseleven,12392df7-81f7-429b-af37-35227129308d,9c24557e-5eb6-4d3e-9641-dde4f959e154,stress11wtr4,stress11cash@mailinator.com,stress11kds@mailinator.com,Test@123,,
stresseleven,12392df7-81f7-429b-af37-35227129308d,a1eeaba5-72d9-462f-9ada-836770b6b158,stress11wtr1,stress11cash@mailinator.com,stress11kds@mailinator.com,Test@123,,
stresseleven,12392df7-81f7-429b-af37-35227129308d,a991011c-edcf-4f2c-a39f-81f3d30f26cf,stress11wtr2,stress11cash@mailinator.com,stress11kds@mailinator.com,Test@123,,
stresseleven,12392df7-81f7-429b-af37-35227129308d,aee81659-2bc0-4f27-8345-75ec432550a7,stress11wtr3,stress11cash@mailinator.com,stress11kds@mailinator.com,Test@123,,
stresseleven,12392df7-81f7-429b-af37-35227129308d,b4f2ee3b-efa2-4449-91d6-4e86929711a7,stress11wtr4,stress11cash@mailinator.com,stress11kds@mailinator.com,Test@123,,
stresseleven,12392df7-81f7-429b-af37-35227129308d,b57f9df2-267b-47a8-912c-527cf831394c,stress11wtr5,stress11cash@mailinator.com,stress11kds@mailinator.com,Test@123,,
stresseleven,12392df7-81f7-429b-af37-35227129308d,bd7688cc-39b4-42f5-9d0f-ccea39577c67,stress11wtr5,stress11cash@mailinator.com,stress11kds@mailinator.com,Test@123,,
stresseleven,12392df7-81f7-429b-af37-35227129308d,c0b60a2a-7614-4c9c-ab2c-cddde6a84897,stress11wtr5,stress11cash@mailinator.com,stress11kds@mailinator.com,Test@123,,
stresseleven,12392df7-81f7-429b-af37-35227129308d,e7d6a233-bb14-4e95-9888-275d5bd3bd81,stress11wtr5,stress11cash@mailinator.com,stress11kds@mailinator.com,Test@123,,
stresseleven,12392df7-81f7-429b-af37-35227129308d,fe678d22-6de3-42cf-9872-a322216f8089,stress11wtr5,stress11cash@mailinator.com,stress11kds@mailinator.com,Test@123,,
stresstwelve,2d58b319-d132-41ac-9e36-964a356b1320,07d621b5-d16d-4744-9e92-4f44ff9f48e7,stress12wtr1,stress12cash@mailinator.com,stress12kds@mailinator.com,Test@123,,
stresstwelve,2d58b319-d132-41ac-9e36-964a356b1320,1830edb6-dc89-406f-bcf2-f461e853f589,stress12wtr2,stress12cash@mailinator.com,stress12kds@mailinator.com,Test@123,,
stresstwelve,2d58b319-d132-41ac-9e36-964a356b1320,307edc91-64a1-4a25-b3f4-b6ff656ee568,stress12wtr3,stress12cash@mailinator.com,stress12kds@mailinator.com,Test@123,,
stresstwelve,2d58b319-d132-41ac-9e36-964a356b1320,389aa273-01d4-4a82-bfb5-b523c3778d66,stress12wtr4,stress12cash@mailinator.com,stress12kds@mailinator.com,Test@123,,
stresstwelve,2d58b319-d132-41ac-9e36-964a356b1320,3fb517da-1c54-4d00-a864-9016a9742430,stress12wtr1,stress12cash@mailinator.com,stress12kds@mailinator.com,Test@123,,
stresstwelve,2d58b319-d132-41ac-9e36-964a356b1320,46e603e2-2859-48aa-8eba-dc1a6b375222,stress12wtr2,stress12cash@mailinator.com,stress12kds@mailinator.com,Test@123,,
stresstwelve,2d58b319-d132-41ac-9e36-964a356b1320,475daf95-5439-4ebc-b4f4-0b9b2b1202bc,stress12wtr3,stress12cash@mailinator.com,stress12kds@mailinator.com,Test@123,,
stresstwelve,2d58b319-d132-41ac-9e36-964a356b1320,49a06fda-e2a0-42ee-89b2-d90e3efbef38,stress12wtr4,stress12cash@mailinator.com,stress12kds@mailinator.com,Test@123,,
stresstwelve,2d58b319-d132-41ac-9e36-964a356b1320,509e9474-1493-4381-bde1-6ccdcc0a4873,stress12wtr1,stress12cash@mailinator.com,stress12kds@mailinator.com,Test@123,,
stresstwelve,2d58b319-d132-41ac-9e36-964a356b1320,540f1e4e-f257-4cc4-9e16-66f28c221215,stress12wtr2,stress12cash@mailinator.com,stress12kds@mailinator.com,Test@123,,
stresstwelve,2d58b319-d132-41ac-9e36-964a356b1320,5acd13df-bdee-4829-b58c-2e22a2877b2c,stress12wtr3,stress12cash@mailinator.com,stress12kds@mailinator.com,Test@123,,
stresstwelve,2d58b319-d132-41ac-9e36-964a356b1320,6250c747-3ca7-40a5-ba24-19c40b5f59b4,stress12wtr4,stress12cash@mailinator.com,stress12kds@mailinator.com,Test@123,,
stresstwelve,2d58b319-d132-41ac-9e36-964a356b1320,6a279931-66ff-4f66-b304-0f37bf0f248b,stress12wtr1,stress12cash@mailinator.com,stress12kds@mailinator.com,Test@123,,
stresstwelve,2d58b319-d132-41ac-9e36-964a356b1320,78b601c6-d67c-4b88-8dee-9f8b92859730,stress12wtr2,stress12cash@mailinator.com,stress12kds@mailinator.com,Test@123,,
stresstwelve,2d58b319-d132-41ac-9e36-964a356b1320,7e5015ca-27b0-49fa-9a06-6059782497ec,stress12wtr3,stress12cash@mailinator.com,stress12kds@mailinator.com,Test@123,,
stresstwelve,2d58b319-d132-41ac-9e36-964a356b1320,c02f4f46-9df5-4b80-a7e3-12a69ae31ad4,stress12wtr4,stress12cash@mailinator.com,stress12kds@mailinator.com,Test@123,,
stresstwelve,2d58b319-d132-41ac-9e36-964a356b1320,c27ea2b0-a2a0-4019-a9e3-39ee10684073,stress12wtr5,stress12cash@mailinator.com,stress12kds@mailinator.com,Test@123,,
stresstwelve,2d58b319-d132-41ac-9e36-964a356b1320,cb33bc51-0516-419e-ab0a-1c2e25939b71,stress12wtr5,stress12cash@mailinator.com,stress12kds@mailinator.com,Test@123,,
stresstwelve,2d58b319-d132-41ac-9e36-964a356b1320,cf9e0a7d-e26f-4730-9e93-09096ed99f98,stress12wtr5,stress12cash@mailinator.com,stress12kds@mailinator.com,Test@123,,
stresstwelve,2d58b319-d132-41ac-9e36-964a356b1320,e4e3f388-714f-4df1-8846-607b54d97539,stress12wtr5,stress12cash@mailinator.com,stress12kds@mailinator.com,Test@123,,
stresstwelve,2d58b319-d132-41ac-9e36-964a356b1320,ea1c41ea-5101-40b0-bf69-308f6be330e9,stress12wtr5,stress12cash@mailinator.com,stress12kds@mailinator.com,Test@123,,
stressthirteen,967520bc-2096-4703-93bd-6fab1c87bb42,1add071c-7371-4c2a-9ec2-31748ae003c2,stress13wtr1,stress13cash@mailinator.com,stress13kds@mailinator.com,Test@123,,
stressthirteen,967520bc-2096-4703-93bd-6fab1c87bb42,1e0c63db-a5db-45b7-9ecc-0694f2fb9629,stress13wtr2,stress13cash@mailinator.com,stress13kds@mailinator.com,Test@123,,
stressthirteen,967520bc-2096-4703-93bd-6fab1c87bb42,235b2e2e-b912-4f23-8cb4-bb6d9de3abd5,stress13wtr3,stress13cash@mailinator.com,stress13kds@mailinator.com,Test@123,,
stressthirteen,967520bc-2096-4703-93bd-6fab1c87bb42,3418471c-fc30-495d-aa28-378617c64f14,stress13wtr4,stress13cash@mailinator.com,stress13kds@mailinator.com,Test@123,,
stressthirteen,967520bc-2096-4703-93bd-6fab1c87bb42,41871b2c-c147-4fc7-b2c2-143321ce2e72,stress13wtr1,stress13cash@mailinator.com,stress13kds@mailinator.com,Test@123,,
stressthirteen,967520bc-2096-4703-93bd-6fab1c87bb42,44b2f4bd-3449-4a1b-9b9e-bb8d25140a9a,stress13wtr2,stress13cash@mailinator.com,stress13kds@mailinator.com,Test@123,,
stressthirteen,967520bc-2096-4703-93bd-6fab1c87bb42,5827913e-18a7-48f1-ad2c-9573fc2bd2ed,stress13wtr3,stress13cash@mailinator.com,stress13kds@mailinator.com,Test@123,,
stressthirteen,967520bc-2096-4703-93bd-6fab1c87bb42,79089702-bb2a-4f8f-9e06-050f7b1e1d5b,stress13wtr4,stress13cash@mailinator.com,stress13kds@mailinator.com,Test@123,,
stressthirteen,967520bc-2096-4703-93bd-6fab1c87bb42,976533ae-fc88-4d14-a7c6-2ba802986aec,stress13wtr1,stress13cash@mailinator.com,stress13kds@mailinator.com,Test@123,,
stressthirteen,967520bc-2096-4703-93bd-6fab1c87bb42,9a74521c-d583-478f-adb0-d90f385062fd,stress13wtr2,stress13cash@mailinator.com,stress13kds@mailinator.com,Test@123,,
stressthirteen,967520bc-2096-4703-93bd-6fab1c87bb42,9afef1b6-be03-4bd6-83d7-3f9b26da11c3,stress13wtr3,stress13cash@mailinator.com,stress13kds@mailinator.com,Test@123,,
stressthirteen,967520bc-2096-4703-93bd-6fab1c87bb42,9b15d433-80aa-4256-82ec-3366851d624e,stress13wtr4,stress13cash@mailinator.com,stress13kds@mailinator.com,Test@123,,
stressthirteen,967520bc-2096-4703-93bd-6fab1c87bb42,9d041a5f-fefb-46e4-bdd3-6d69939ad268,stress13wtr1,stress13cash@mailinator.com,stress13kds@mailinator.com,Test@123,,
stressthirteen,967520bc-2096-4703-93bd-6fab1c87bb42,ae5e42cb-2f1e-45e3-a58c-cef21cf7e826,stress13wtr2,stress13cash@mailinator.com,stress13kds@mailinator.com,Test@123,,
stressthirteen,967520bc-2096-4703-93bd-6fab1c87bb42,bb0bbf5e-18d3-4dfe-a93f-65d29dd59af1,stress13wtr3,stress13cash@mailinator.com,stress13kds@mailinator.com,Test@123,,
stressthirteen,967520bc-2096-4703-93bd-6fab1c87bb42,bd7d8ba1-949a-499f-bec7-fa137b76c8d7,stress13wtr4,stress13cash@mailinator.com,stress13kds@mailinator.com,Test@123,,
stressthirteen,967520bc-2096-4703-93bd-6fab1c87bb42,c8e9d1b5-1ed3-4d51-96c9-926745a7d039,stress13wtr5,stress13cash@mailinator.com,stress13kds@mailinator.com,Test@123,,
stressthirteen,967520bc-2096-4703-93bd-6fab1c87bb42,d1b04e3c-c5bc-4520-a777-6d835d4a6fa1,stress13wtr5,stress13cash@mailinator.com,stress13kds@mailinator.com,Test@123,,
stressthirteen,967520bc-2096-4703-93bd-6fab1c87bb42,d1ec60e5-89aa-41da-bfed-061d617f6c13,stress13wtr5,stress13cash@mailinator.com,stress13kds@mailinator.com,Test@123,,
stressthirteen,967520bc-2096-4703-93bd-6fab1c87bb42,e89e8e83-b37c-489e-b99a-20feac0b0b62,stress13wtr5,stress13cash@mailinator.com,stress13kds@mailinator.com,Test@123,,
stressthirteen,967520bc-2096-4703-93bd-6fab1c87bb42,f2e84662-2fcd-417d-b6b7-a4866853bc59,stress13wtr5,stress13cash@mailinator.com,stress13kds@mailinator.com,Test@123,,
stressfourteen,7447eda0-250b-44b0-a6a6-b246fe503160,0ba68c9d-5316-4682-a03f-cb591d86930f,stress14wtr1,stress14cash@mailinator.com,stress14kds@mailinator.com,Test@123,,
stressfourteen,7447eda0-250b-44b0-a6a6-b246fe503160,234aad76-e643-4047-b3d0-750c265b5f1e,stress14wtr2,stress14cash@mailinator.com,stress14kds@mailinator.com,Test@123,,
stressfourteen,7447eda0-250b-44b0-a6a6-b246fe503160,330f9776-c60f-4819-bc46-1ed06b7d0834,stress14wtr3,stress14cash@mailinator.com,stress14kds@mailinator.com,Test@123,,
stressfourteen,7447eda0-250b-44b0-a6a6-b246fe503160,3f871880-f85d-4d1f-a7c2-f57d2caa7f8d,stress14wtr4,stress14cash@mailinator.com,stress14kds@mailinator.com,Test@123,,
stressfourteen,7447eda0-250b-44b0-a6a6-b246fe503160,532d6c25-cf11-48b3-a163-61a36aebc4fd,stress14wtr1,stress14cash@mailinator.com,stress14kds@mailinator.com,Test@123,,
stressfourteen,7447eda0-250b-44b0-a6a6-b246fe503160,5e9fe98d-b4bc-465b-bfe5-f1660fdfb18c,stress14wtr2,stress14cash@mailinator.com,stress14kds@mailinator.com,Test@123,,
stressfourteen,7447eda0-250b-44b0-a6a6-b246fe503160,76bab340-1bcd-485d-bd8a-c993f5c9ec30,stress14wtr3,stress14cash@mailinator.com,stress14kds@mailinator.com,Test@123,,
stressfourteen,7447eda0-250b-44b0-a6a6-b246fe503160,7ac192ac-e869-4618-a67d-42a254813fcc,stress14wtr4,stress14cash@mailinator.com,stress14kds@mailinator.com,Test@123,,
stressfourteen,7447eda0-250b-44b0-a6a6-b246fe503160,86c48b8a-a8c2-48f0-a11c-8d6baf30f432,stress14wtr1,stress14cash@mailinator.com,stress14kds@mailinator.com,Test@123,,
stressfourteen,7447eda0-250b-44b0-a6a6-b246fe503160,88f8e075-97c1-4689-aff2-e8520273285c,stress14wtr2,stress14cash@mailinator.com,stress14kds@mailinator.com,Test@123,,
stressfourteen,7447eda0-250b-44b0-a6a6-b246fe503160,8d98dfb7-ff5e-4216-94f2-03b0be5f0b66,stress14wtr3,stress14cash@mailinator.com,stress14kds@mailinator.com,Test@123,,
stressfourteen,7447eda0-250b-44b0-a6a6-b246fe503160,afe14d99-4394-423c-88c2-46241c310fbf,stress14wtr4,stress14cash@mailinator.com,stress14kds@mailinator.com,Test@123,,
stressfourteen,7447eda0-250b-44b0-a6a6-b246fe503160,b20640d7-39fd-483d-baa3-74f5526c837c,stress14wtr1,stress14cash@mailinator.com,stress14kds@mailinator.com,Test@123,,
stressfourteen,7447eda0-250b-44b0-a6a6-b246fe503160,b4809268-3c70-41ac-8b6a-1161edd6657b,stress14wtr2,stress14cash@mailinator.com,stress14kds@mailinator.com,Test@123,,
stressfourteen,7447eda0-250b-44b0-a6a6-b246fe503160,b4bb92f9-df98-4b76-8c30-32972b3f2924,stress14wtr3,stress14cash@mailinator.com,stress14kds@mailinator.com,Test@123,,
stressfourteen,7447eda0-250b-44b0-a6a6-b246fe503160,cd370f36-403e-4a3e-8176-755306e84a93,stress14wtr4,stress14cash@mailinator.com,stress14kds@mailinator.com,Test@123,,
stressfourteen,7447eda0-250b-44b0-a6a6-b246fe503160,d5cd14d6-f088-4c5d-9fa1-f3bb664bd1f0,stress14wtr5,stress14cash@mailinator.com,stress14kds@mailinator.com,Test@123,,
stressfourteen,7447eda0-250b-44b0-a6a6-b246fe503160,db045267-8f5b-4f43-98ad-ba845c407149,stress14wtr5,stress14cash@mailinator.com,stress14kds@mailinator.com,Test@123,,
stressfourteen,7447eda0-250b-44b0-a6a6-b246fe503160,e5463292-41a1-4440-a22d-92011153bca2,stress14wtr5,stress14cash@mailinator.com,stress14kds@mailinator.com,Test@123,,
stressfourteen,7447eda0-250b-44b0-a6a6-b246fe503160,ea4895cf-70f3-477c-9026-0d3803c241d6,stress14wtr5,stress14cash@mailinator.com,stress14kds@mailinator.com,Test@123,,
stressfourteen,7447eda0-250b-44b0-a6a6-b246fe503160,fb7fa073-e983-4b63-84a9-9862ec19328d,stress14wtr5,stress14cash@mailinator.com,stress14kds@mailinator.com,Test@123,,
stressfifteen,c2d31e15-e4a2-4c5d-86dc-de7281cf9883,08a35a80-e7b9-4028-b03f-3e493539c362,stress15wtr1,stress15cash@mailinator.com,stress15kds@mailinator.com,Test@123,,
stressfifteen,c2d31e15-e4a2-4c5d-86dc-de7281cf9883,1c450a22-6ec5-4fbb-b8de-c388d3568bfa,stress15wtr2,stress15cash@mailinator.com,stress15kds@mailinator.com,Test@123,,
stressfifteen,c2d31e15-e4a2-4c5d-86dc-de7281cf9883,21b2999d-6bbc-4351-9eb3-4e60b6ba0943,stress15wtr3,stress15cash@mailinator.com,stress15kds@mailinator.com,Test@123,,
stressfifteen,c2d31e15-e4a2-4c5d-86dc-de7281cf9883,2440a3e3-0bf4-4c78-a3fd-2bc9c2746987,stress15wtr4,stress15cash@mailinator.com,stress15kds@mailinator.com,Test@123,,
stressfifteen,c2d31e15-e4a2-4c5d-86dc-de7281cf9883,4d5a483e-e4eb-433e-ae78-5a7943566b16,stress15wtr1,stress15cash@mailinator.com,stress15kds@mailinator.com,Test@123,,
stressfifteen,c2d31e15-e4a2-4c5d-86dc-de7281cf9883,4e7562f4-ab2f-410c-af80-8ddc43eaa57c,stress15wtr2,stress15cash@mailinator.com,stress15kds@mailinator.com,Test@123,,
stressfifteen,c2d31e15-e4a2-4c5d-86dc-de7281cf9883,533abb06-e0b5-4473-a20f-e79fd786c9f6,stress15wtr3,stress15cash@mailinator.com,stress15kds@mailinator.com,Test@123,,
stressfifteen,c2d31e15-e4a2-4c5d-86dc-de7281cf9883,58fae1da-fb58-44f8-809b-368f80aaba9b,stress15wtr4,stress15cash@mailinator.com,stress15kds@mailinator.com,Test@123,,
stressfifteen,c2d31e15-e4a2-4c5d-86dc-de7281cf9883,80211986-2aa6-47bc-a1bd-65d9153faed1,stress15wtr1,stress15cash@mailinator.com,stress15kds@mailinator.com,Test@123,,
stressfifteen,c2d31e15-e4a2-4c5d-86dc-de7281cf9883,9d08df32-67cb-4dd5-8d15-a6f00ae142bb,stress15wtr2,stress15cash@mailinator.com,stress15kds@mailinator.com,Test@123,,
stressfifteen,c2d31e15-e4a2-4c5d-86dc-de7281cf9883,9f3ba79f-3dad-4a3b-8d64-9bfa73b3e7e9,stress15wtr3,stress15cash@mailinator.com,stress15kds@mailinator.com,Test@123,,
stressfifteen,c2d31e15-e4a2-4c5d-86dc-de7281cf9883,af8825fd-5483-4a26-8eba-935e000d4941,stress15wtr4,stress15cash@mailinator.com,stress15kds@mailinator.com,Test@123,,
stressfifteen,c2d31e15-e4a2-4c5d-86dc-de7281cf9883,bb0d6191-2ef9-426c-9078-941522063f76,stress15wtr1,stress15cash@mailinator.com,stress15kds@mailinator.com,Test@123,,
stressfifteen,c2d31e15-e4a2-4c5d-86dc-de7281cf9883,be561316-ba7d-4c00-8aed-e5ea531a965d,stress15wtr2,stress15cash@mailinator.com,stress15kds@mailinator.com,Test@123,,
stressfifteen,c2d31e15-e4a2-4c5d-86dc-de7281cf9883,cb8c7aae-0be7-4736-876a-37fe9e7108fb,stress15wtr3,stress15cash@mailinator.com,stress15kds@mailinator.com,Test@123,,
stressfifteen,c2d31e15-e4a2-4c5d-86dc-de7281cf9883,dc27446d-7e95-49dd-a434-b616c4137234,stress15wtr4,stress15cash@mailinator.com,stress15kds@mailinator.com,Test@123,,
stressfifteen,c2d31e15-e4a2-4c5d-86dc-de7281cf9883,e06629cd-cfc3-4b9e-8b29-025f36c4f4f0,stress15wtr5,stress15cash@mailinator.com,stress15kds@mailinator.com,Test@123,,
stressfifteen,c2d31e15-e4a2-4c5d-86dc-de7281cf9883,e521ad96-fcec-45e0-b5be-e0b8e3c080eb,stress15wtr5,stress15cash@mailinator.com,stress15kds@mailinator.com,Test@123,,
stressfifteen,c2d31e15-e4a2-4c5d-86dc-de7281cf9883,e664a2a2-0f17-4b61-b8ab-e3be858cf23a,stress15wtr5,stress15cash@mailinator.com,stress15kds@mailinator.com,Test@123,,
stressfifteen,c2d31e15-e4a2-4c5d-86dc-de7281cf9883,f5b23b37-b099-4861-a4a2-3de64f57a20e,stress15wtr5,stress15cash@mailinator.com,stress15kds@mailinator.com,Test@123,,
stressfifteen,c2d31e15-e4a2-4c5d-86dc-de7281cf9883,fff54851-2526-4ed6-90bc-c76c3fea38b5,stress15wtr5,stress15cash@mailinator.com,stress15kds@mailinator.com,Test@123,,
stresssixteen,2f12ae12-9bee-4ad9-bcd0-fe5953ef3a4e,1c359ee2-ec8f-431d-befb-368fe041419a,stress16wtr1,stress16cash@mailinator.com,stress16kds@mailinator.com,Test@123,,
stresssixteen,2f12ae12-9bee-4ad9-bcd0-fe5953ef3a4e,1cc8daf8-0db4-4068-b348-b228aa970fdd,stress16wtr2,stress16cash@mailinator.com,stress16kds@mailinator.com,Test@123,,
stresssixteen,2f12ae12-9bee-4ad9-bcd0-fe5953ef3a4e,1d396908-b7f1-4eac-b1c9-767bdbe56115,stress16wtr3,stress16cash@mailinator.com,stress16kds@mailinator.com,Test@123,,
stresssixteen,2f12ae12-9bee-4ad9-bcd0-fe5953ef3a4e,35199722-6285-4c3a-982f-9d5839895978,stress16wtr4,stress16cash@mailinator.com,stress16kds@mailinator.com,Test@123,,
stresssixteen,2f12ae12-9bee-4ad9-bcd0-fe5953ef3a4e,377d9156-9912-4e8c-8e07-f307238f7fed,stress16wtr1,stress16cash@mailinator.com,stress16kds@mailinator.com,Test@123,,
stresssixteen,2f12ae12-9bee-4ad9-bcd0-fe5953ef3a4e,6303c711-5b73-4fe1-8696-c6e2431f2478,stress16wtr2,stress16cash@mailinator.com,stress16kds@mailinator.com,Test@123,,
stresssixteen,2f12ae12-9bee-4ad9-bcd0-fe5953ef3a4e,6522617a-2e30-40f1-8f78-7227f93eb19e,stress16wtr3,stress16cash@mailinator.com,stress16kds@mailinator.com,Test@123,,
stresssixteen,2f12ae12-9bee-4ad9-bcd0-fe5953ef3a4e,671250e2-4dc7-4ff1-8d94-f507dee8e803,stress16wtr4,stress16cash@mailinator.com,stress16kds@mailinator.com,Test@123,,
stresssixteen,2f12ae12-9bee-4ad9-bcd0-fe5953ef3a4e,6c79564e-524a-4321-abba-466bef336171,stress16wtr1,stress16cash@mailinator.com,stress16kds@mailinator.com,Test@123,,
stresssixteen,2f12ae12-9bee-4ad9-bcd0-fe5953ef3a4e,7f4c264a-f305-4589-a40f-627a3432e2cd,stress16wtr2,stress16cash@mailinator.com,stress16kds@mailinator.com,Test@123,,
stresssixteen,2f12ae12-9bee-4ad9-bcd0-fe5953ef3a4e,8c55cc7b-d1c1-417a-97c0-4cdbebfc61c0,stress16wtr3,stress16cash@mailinator.com,stress16kds@mailinator.com,Test@123,,
stresssixteen,2f12ae12-9bee-4ad9-bcd0-fe5953ef3a4e,987b4eaa-59ee-4e3a-b3aa-f20de4e79685,stress16wtr4,stress16cash@mailinator.com,stress16kds@mailinator.com,Test@123,,
stresssixteen,2f12ae12-9bee-4ad9-bcd0-fe5953ef3a4e,99e5e880-e64f-4753-a474-eea331d3e872,stress16wtr1,stress16cash@mailinator.com,stress16kds@mailinator.com,Test@123,,
stresssixteen,2f12ae12-9bee-4ad9-bcd0-fe5953ef3a4e,a024c6cd-dcc0-4359-b774-117bf95b7892,stress16wtr2,stress16cash@mailinator.com,stress16kds@mailinator.com,Test@123,,
stresssixteen,2f12ae12-9bee-4ad9-bcd0-fe5953ef3a4e,ac8fcbb7-a7b8-4685-9369-99e0303024e3,stress16wtr3,stress16cash@mailinator.com,stress16kds@mailinator.com,Test@123,,
stresssixteen,2f12ae12-9bee-4ad9-bcd0-fe5953ef3a4e,ad1eee39-338a-46a4-aae4-576ae5e29dff,stress16wtr4,stress16cash@mailinator.com,stress16kds@mailinator.com,Test@123,,
stresssixteen,2f12ae12-9bee-4ad9-bcd0-fe5953ef3a4e,addd0cc6-92d3-4ecc-b9eb-dfb8217975b2,stress16wtr5,stress16cash@mailinator.com,stress16kds@mailinator.com,Test@123,,
stresssixteen,2f12ae12-9bee-4ad9-bcd0-fe5953ef3a4e,cc6bcf19-0cf9-48e8-bd13-a6e78f64bca3,stress16wtr5,stress16cash@mailinator.com,stress16kds@mailinator.com,Test@123,,
stresssixteen,2f12ae12-9bee-4ad9-bcd0-fe5953ef3a4e,d3bac36c-fb5f-4ee1-9059-ea01631556a7,stress16wtr5,stress16cash@mailinator.com,stress16kds@mailinator.com,Test@123,,
stresssixteen,2f12ae12-9bee-4ad9-bcd0-fe5953ef3a4e,e16a8fbc-85ce-47e8-a1f6-c22525558023,stress16wtr5,stress16cash@mailinator.com,stress16kds@mailinator.com,Test@123,,
stresssixteen,2f12ae12-9bee-4ad9-bcd0-fe5953ef3a4e,ebd9a101-4c5b-489a-bbbe-c19fe765917e,stress16wtr5,stress16cash@mailinator.com,stress16kds@mailinator.com,Test@123,,
stressseventeen,15c4e01a-35b8-4c5f-83b9-8625283b9920,0a656273-1185-4140-a6af-82bed19d4759,stress17wtr1,stress17cash@mailinator.com,stress17kds@mailinator.com,Test@123,,
stressseventeen,15c4e01a-35b8-4c5f-83b9-8625283b9920,1c2f827f-b481-4746-a961-8816ce1a5d8e,stress17wtr2,stress17cash@mailinator.com,stress17kds@mailinator.com,Test@123,,
stressseventeen,15c4e01a-35b8-4c5f-83b9-8625283b9920,1f0ad476-8ed8-4d50-85aa-809b31213a12,stress17wtr3,stress17cash@mailinator.com,stress17kds@mailinator.com,Test@123,,
stressseventeen,15c4e01a-35b8-4c5f-83b9-8625283b9920,23be6a37-6a8c-441f-aeac-79b75a1fe7eb,stress17wtr4,stress17cash@mailinator.com,stress17kds@mailinator.com,Test@123,,
stressseventeen,15c4e01a-35b8-4c5f-83b9-8625283b9920,2e1ad24a-ad1d-42f3-9ef2-3ad15d13c93f,stress17wtr1,stress17cash@mailinator.com,stress17kds@mailinator.com,Test@123,,
stressseventeen,15c4e01a-35b8-4c5f-83b9-8625283b9920,35f0d77a-8511-42ea-a345-d6fa898797ba,stress17wtr2,stress17cash@mailinator.com,stress17kds@mailinator.com,Test@123,,
stressseventeen,15c4e01a-35b8-4c5f-83b9-8625283b9920,3a686148-e952-4b31-baeb-b2bd02e526af,stress17wtr3,stress17cash@mailinator.com,stress17kds@mailinator.com,Test@123,,
stressseventeen,15c4e01a-35b8-4c5f-83b9-8625283b9920,41858818-7642-4a32-8d62-63276169ad5e,stress17wtr4,stress17cash@mailinator.com,stress17kds@mailinator.com,Test@123,,
stressseventeen,15c4e01a-35b8-4c5f-83b9-8625283b9920,44945bb4-6f13-4d61-bed5-06e767e1b2cc,stress17wtr1,stress17cash@mailinator.com,stress17kds@mailinator.com,Test@123,,
stressseventeen,15c4e01a-35b8-4c5f-83b9-8625283b9920,459b8c31-ebaf-406b-bf8e-e97cc9abe608,stress17wtr2,stress17cash@mailinator.com,stress17kds@mailinator.com,Test@123,,
stressseventeen,15c4e01a-35b8-4c5f-83b9-8625283b9920,4809cbf5-b027-46cd-8a1f-4ba23e4d78d7,stress17wtr3,stress17cash@mailinator.com,stress17kds@mailinator.com,Test@123,,
stressseventeen,15c4e01a-35b8-4c5f-83b9-8625283b9920,4a55cd19-1540-4651-a257-7612249dea66,stress17wtr4,stress17cash@mailinator.com,stress17kds@mailinator.com,Test@123,,
stressseventeen,15c4e01a-35b8-4c5f-83b9-8625283b9920,75f113ec-d179-4f5d-afd8-817d364f6f36,stress17wtr1,stress17cash@mailinator.com,stress17kds@mailinator.com,Test@123,,
stressseventeen,15c4e01a-35b8-4c5f-83b9-8625283b9920,819a7e8e-a11c-4b1a-b5b8-ea05014bb022,stress17wtr2,stress17cash@mailinator.com,stress17kds@mailinator.com,Test@123,,
stressseventeen,15c4e01a-35b8-4c5f-83b9-8625283b9920,8509a3d0-b960-45a1-9541-adb9de8d3ec3,stress17wtr3,stress17cash@mailinator.com,stress17kds@mailinator.com,Test@123,,
stressseventeen,15c4e01a-35b8-4c5f-83b9-8625283b9920,aefbea61-2ab6-4deb-9a5d-b9fdf01af28e,stress17wtr4,stress17cash@mailinator.com,stress17kds@mailinator.com,Test@123,,
stressseventeen,15c4e01a-35b8-4c5f-83b9-8625283b9920,cb095413-a8a7-46c4-9815-04bcc014a080,stress17wtr5,stress17cash@mailinator.com,stress17kds@mailinator.com,Test@123,,
stressseventeen,15c4e01a-35b8-4c5f-83b9-8625283b9920,e686abf1-e567-44d9-8c07-7c53dbf6197e,stress17wtr5,stress17cash@mailinator.com,stress17kds@mailinator.com,Test@123,,
stressseventeen,15c4e01a-35b8-4c5f-83b9-8625283b9920,edc9b6eb-5abc-424f-b0cb-cda7a25abb1b,stress17wtr5,stress17cash@mailinator.com,stress17kds@mailinator.com,Test@123,,
stressseventeen,15c4e01a-35b8-4c5f-83b9-8625283b9920,f3d4ebe7-8b2b-411b-8845-be78a4d511d1,stress17wtr5,stress17cash@mailinator.com,stress17kds@mailinator.com,Test@123,,
stressseventeen,15c4e01a-35b8-4c5f-83b9-8625283b9920,fe71313a-1b16-4320-89e5-646297d8b3cd,stress17wtr5,stress17cash@mailinator.com,stress17kds@mailinator.com,Test@123,,
stresseighteen,0c6e30da-746d-493f-a6f7-8586eb1b2372,0d68f7a9-f100-4c21-80d9-781972c1cfac,stress18wtr1,stress18cash@mailinator.com,stress18kds@mailinator.com,Test@123,,
stresseighteen,0c6e30da-746d-493f-a6f7-8586eb1b2372,15e60402-5747-465c-b2f1-d67c637c5a62,stress18wtr2,stress18cash@mailinator.com,stress18kds@mailinator.com,Test@123,,
stresseighteen,0c6e30da-746d-493f-a6f7-8586eb1b2372,1edd07b0-30f7-4ac7-ab68-ab710faf03d8,stress18wtr3,stress18cash@mailinator.com,stress18kds@mailinator.com,Test@123,,
stresseighteen,0c6e30da-746d-493f-a6f7-8586eb1b2372,21ef8ec1-1862-44d1-8a95-8fd7e298e5c8,stress18wtr4,stress18cash@mailinator.com,stress18kds@mailinator.com,Test@123,,
stresseighteen,0c6e30da-746d-493f-a6f7-8586eb1b2372,2fe780bc-26da-4055-bdea-15c286005b08,stress18wtr1,stress18cash@mailinator.com,stress18kds@mailinator.com,Test@123,,
stresseighteen,0c6e30da-746d-493f-a6f7-8586eb1b2372,3fbb0490-b6e1-4497-a0a2-ce0dfafd17fc,stress18wtr2,stress18cash@mailinator.com,stress18kds@mailinator.com,Test@123,,
stresseighteen,0c6e30da-746d-493f-a6f7-8586eb1b2372,4c12aa21-f6aa-4cbd-8945-870918546807,stress18wtr3,stress18cash@mailinator.com,stress18kds@mailinator.com,Test@123,,
stresseighteen,0c6e30da-746d-493f-a6f7-8586eb1b2372,4d5b3333-0f6c-4f65-ad9e-3cb2b6b3cdd1,stress18wtr4,stress18cash@mailinator.com,stress18kds@mailinator.com,Test@123,,
stresseighteen,0c6e30da-746d-493f-a6f7-8586eb1b2372,590023f8-b61a-4367-a263-49a29038545c,stress18wtr1,stress18cash@mailinator.com,stress18kds@mailinator.com,Test@123,,
stresseighteen,0c6e30da-746d-493f-a6f7-8586eb1b2372,5e3a4218-4119-4eb7-92eb-0e97e85774af,stress18wtr2,stress18cash@mailinator.com,stress18kds@mailinator.com,Test@123,,
stresseighteen,0c6e30da-746d-493f-a6f7-8586eb1b2372,611fedc9-fe71-4ca9-91a1-e50ce15d5140,stress18wtr3,stress18cash@mailinator.com,stress18kds@mailinator.com,Test@123,,
stresseighteen,0c6e30da-746d-493f-a6f7-8586eb1b2372,6ef288b2-976c-4b4a-941b-869dcce9f374,stress18wtr4,stress18cash@mailinator.com,stress18kds@mailinator.com,Test@123,,
stresseighteen,0c6e30da-746d-493f-a6f7-8586eb1b2372,7e53adb7-6a02-4e06-8977-3ac592c966ca,stress18wtr1,stress18cash@mailinator.com,stress18kds@mailinator.com,Test@123,,
stresseighteen,0c6e30da-746d-493f-a6f7-8586eb1b2372,8b879f1f-b01d-4284-a6b8-46ac441a78e0,stress18wtr2,stress18cash@mailinator.com,stress18kds@mailinator.com,Test@123,,
stresseighteen,0c6e30da-746d-493f-a6f7-8586eb1b2372,9f9b7121-af14-497a-b590-860abfc004d6,stress18wtr3,stress18cash@mailinator.com,stress18kds@mailinator.com,Test@123,,
stresseighteen,0c6e30da-746d-493f-a6f7-8586eb1b2372,9ff2ea18-d339-4f2a-87e6-19d5c2ef61d5,stress18wtr4,stress18cash@mailinator.com,stress18kds@mailinator.com,Test@123,,
stresseighteen,0c6e30da-746d-493f-a6f7-8586eb1b2372,ad1944e3-362a-4040-8f2b-3854c526ea51,stress18wtr5,stress18cash@mailinator.com,stress18kds@mailinator.com,Test@123,,
stresseighteen,0c6e30da-746d-493f-a6f7-8586eb1b2372,b0bcc51f-00aa-451d-acb9-04ccad22efba,stress18wtr5,stress18cash@mailinator.com,stress18kds@mailinator.com,Test@123,,
stresseighteen,0c6e30da-746d-493f-a6f7-8586eb1b2372,b67557ef-411e-48cb-b72d-c8936478a2f9,stress18wtr5,stress18cash@mailinator.com,stress18kds@mailinator.com,Test@123,,
stresseighteen,0c6e30da-746d-493f-a6f7-8586eb1b2372,b7098318-847a-422a-b64d-8630bf3761ba,stress18wtr5,stress18cash@mailinator.com,stress18kds@mailinator.com,Test@123,,
stresseighteen,0c6e30da-746d-493f-a6f7-8586eb1b2372,e0bf35ea-037e-4d2d-a1ed-d242392e6e03,stress18wtr5,stress18cash@mailinator.com,stress18kds@mailinator.com,Test@123,,
stressnineteen,4e609fe9-b696-4340-91d9-4f8ac6d4b3c3,02adbe86-8d71-4cff-b6b7-decaed2c95e2,stress19wtr1,stress19cash@mailinator.com,stress19kds@mailinator.com,Test@123,,
stressnineteen,4e609fe9-b696-4340-91d9-4f8ac6d4b3c3,043a8c10-5fd4-4e18-891f-08c1bccfa365,stress19wtr2,stress19cash@mailinator.com,stress19kds@mailinator.com,Test@123,,
stressnineteen,4e609fe9-b696-4340-91d9-4f8ac6d4b3c3,276dea25-3bf2-4e95-97cb-6a9fd320e124,stress19wtr3,stress19cash@mailinator.com,stress19kds@mailinator.com,Test@123,,
stressnineteen,4e609fe9-b696-4340-91d9-4f8ac6d4b3c3,32eeca51-c1c2-45c2-949d-a8626a1ad659,stress19wtr4,stress19cash@mailinator.com,stress19kds@mailinator.com,Test@123,,
stressnineteen,4e609fe9-b696-4340-91d9-4f8ac6d4b3c3,41bb1e36-ee68-48df-a6b3-b3fa24241594,stress19wtr1,stress19cash@mailinator.com,stress19kds@mailinator.com,Test@123,,
stressnineteen,4e609fe9-b696-4340-91d9-4f8ac6d4b3c3,4ef97c4a-37d9-4a6f-b30e-a989aa27f473,stress19wtr2,stress19cash@mailinator.com,stress19kds@mailinator.com,Test@123,,
stressnineteen,4e609fe9-b696-4340-91d9-4f8ac6d4b3c3,50943c73-4b03-480f-8fc8-fc482c551590,stress19wtr3,stress19cash@mailinator.com,stress19kds@mailinator.com,Test@123,,
stressnineteen,4e609fe9-b696-4340-91d9-4f8ac6d4b3c3,53544d30-19fd-4e19-bd4c-a97f11c327d8,stress19wtr4,stress19cash@mailinator.com,stress19kds@mailinator.com,Test@123,,
stressnineteen,4e609fe9-b696-4340-91d9-4f8ac6d4b3c3,54e5e23a-a510-4eed-b820-c4ed8f180cd6,stress19wtr1,stress19cash@mailinator.com,stress19kds@mailinator.com,Test@123,,
stressnineteen,4e609fe9-b696-4340-91d9-4f8ac6d4b3c3,566f5394-1901-4845-a975-9f68219f3ce9,stress19wtr2,stress19cash@mailinator.com,stress19kds@mailinator.com,Test@123,,
stressnineteen,4e609fe9-b696-4340-91d9-4f8ac6d4b3c3,659d40e0-34ae-4d78-903e-6ebf7e8e92a8,stress19wtr3,stress19cash@mailinator.com,stress19kds@mailinator.com,Test@123,,
stressnineteen,4e609fe9-b696-4340-91d9-4f8ac6d4b3c3,7388870e-7927-4419-9e2c-381cd30894a0,stress19wtr4,stress19cash@mailinator.com,stress19kds@mailinator.com,Test@123,,
stressnineteen,4e609fe9-b696-4340-91d9-4f8ac6d4b3c3,7c896fc8-1d4d-47b4-b400-613954ae54d1,stress19wtr1,stress19cash@mailinator.com,stress19kds@mailinator.com,Test@123,,
stressnineteen,4e609fe9-b696-4340-91d9-4f8ac6d4b3c3,7d2b570f-3d8b-43b6-8dfc-c651442d1987,stress19wtr2,stress19cash@mailinator.com,stress19kds@mailinator.com,Test@123,,
stressnineteen,4e609fe9-b696-4340-91d9-4f8ac6d4b3c3,9a62e31f-7c53-4b5c-b183-9fcf6acf9f82,stress19wtr3,stress19cash@mailinator.com,stress19kds@mailinator.com,Test@123,,
stressnineteen,4e609fe9-b696-4340-91d9-4f8ac6d4b3c3,a0434450-0766-47f2-932d-cfed9d1a698f,stress19wtr4,stress19cash@mailinator.com,stress19kds@mailinator.com,Test@123,,
stressnineteen,4e609fe9-b696-4340-91d9-4f8ac6d4b3c3,c6e392dc-5962-4c3c-bdac-7e8797fe9d41,stress19wtr5,stress19cash@mailinator.com,stress19kds@mailinator.com,Test@123,,
stressnineteen,4e609fe9-b696-4340-91d9-4f8ac6d4b3c3,e7eb4626-f4a1-4c2d-848b-b4030f6de8a0,stress19wtr5,stress19cash@mailinator.com,stress19kds@mailinator.com,Test@123,,
stressnineteen,4e609fe9-b696-4340-91d9-4f8ac6d4b3c3,ee336060-401e-4df5-b9f8-04430898e446,stress19wtr5,stress19cash@mailinator.com,stress19kds@mailinator.com,Test@123,,
stressnineteen,4e609fe9-b696-4340-91d9-4f8ac6d4b3c3,f21bf96d-5b5e-4aff-8aa1-bbed551fc969,stress19wtr5,stress19cash@mailinator.com,stress19kds@mailinator.com,Test@123,,
stressnineteen,4e609fe9-b696-4340-91d9-4f8ac6d4b3c3,fdc0eb0a-1769-422d-a50d-6af81368deaa,stress19wtr5,stress19cash@mailinator.com,stress19kds@mailinator.com,Test@123,,
stresstwenty,b9989df5-f40f-4694-ad6b-ae8bdc437741,05714d6d-5fbd-401e-b56f-6ac14eb96efd,stress20wtr1,stress20cash@mailinator.com,stress20kds@mailinator.com,Test@123,,
stresstwenty,b9989df5-f40f-4694-ad6b-ae8bdc437741,1e9ac059-5bb5-4f9f-9a76-89b5039dbf11,stress20wtr2,stress20cash@mailinator.com,stress20kds@mailinator.com,Test@123,,
stresstwenty,b9989df5-f40f-4694-ad6b-ae8bdc437741,1f223b31-589d-4e3a-affe-d6e629c180dd,stress20wtr3,stress20cash@mailinator.com,stress20kds@mailinator.com,Test@123,,
stresstwenty,b9989df5-f40f-4694-ad6b-ae8bdc437741,1fc0e3cc-6a1b-45f2-a0f8-9e04b705f3c6,stress20wtr4,stress20cash@mailinator.com,stress20kds@mailinator.com,Test@123,,
stresstwenty,b9989df5-f40f-4694-ad6b-ae8bdc437741,344f768c-9609-452f-95fd-46511e2aa8e2,stress20wtr1,stress20cash@mailinator.com,stress20kds@mailinator.com,Test@123,,
stresstwenty,b9989df5-f40f-4694-ad6b-ae8bdc437741,3dc452cc-e807-4a6e-9f02-b2d1a0c314db,stress20wtr2,stress20cash@mailinator.com,stress20kds@mailinator.com,Test@123,,
stresstwenty,b9989df5-f40f-4694-ad6b-ae8bdc437741,3fcbf9f0-6237-4ded-85cb-3e952d89a620,stress20wtr3,stress20cash@mailinator.com,stress20kds@mailinator.com,Test@123,,
stresstwenty,b9989df5-f40f-4694-ad6b-ae8bdc437741,73761090-740f-455d-80bb-33696d61d646,stress20wtr4,stress20cash@mailinator.com,stress20kds@mailinator.com,Test@123,,
stresstwenty,b9989df5-f40f-4694-ad6b-ae8bdc437741,7923e503-b285-4b89-bb74-45035425c651,stress20wtr1,stress20cash@mailinator.com,stress20kds@mailinator.com,Test@123,,
stresstwenty,b9989df5-f40f-4694-ad6b-ae8bdc437741,7cca833a-bf52-4944-a5e4-96d85d93da71,stress20wtr2,stress20cash@mailinator.com,stress20kds@mailinator.com,Test@123,,
stresstwenty,b9989df5-f40f-4694-ad6b-ae8bdc437741,913ca286-6c02-4ad2-8bc1-0268f0c10909,stress20wtr3,stress20cash@mailinator.com,stress20kds@mailinator.com,Test@123,,
stresstwenty,b9989df5-f40f-4694-ad6b-ae8bdc437741,ae8d6290-a602-407b-b90e-575559f15832,stress20wtr4,stress20cash@mailinator.com,stress20kds@mailinator.com,Test@123,,
stresstwenty,b9989df5-f40f-4694-ad6b-ae8bdc437741,af2face6-2d83-4802-ac8c-0b310bb2d514,stress20wtr1,stress20cash@mailinator.com,stress20kds@mailinator.com,Test@123,,
stresstwenty,b9989df5-f40f-4694-ad6b-ae8bdc437741,b3794b28-31a5-49c6-b947-d4aba4c4bf29,stress20wtr2,stress20cash@mailinator.com,stress20kds@mailinator.com,Test@123,,
stresstwenty,b9989df5-f40f-4694-ad6b-ae8bdc437741,b54c43fa-baf4-486d-aa6b-684a953925e4,stress20wtr3,stress20cash@mailinator.com,stress20kds@mailinator.com,Test@123,,
stresstwenty,b9989df5-f40f-4694-ad6b-ae8bdc437741,b71c5418-7938-4ff4-a978-fd18893b43b3,stress20wtr4,stress20cash@mailinator.com,stress20kds@mailinator.com,Test@123,,
stresstwenty,b9989df5-f40f-4694-ad6b-ae8bdc437741,bbaac1b1-1eed-4fd8-af96-c9dd949c8bab,stress20wtr5,stress20cash@mailinator.com,stress20kds@mailinator.com,Test@123,,
stresstwenty,b9989df5-f40f-4694-ad6b-ae8bdc437741,c44a50a0-8111-4af2-a245-d7f13e3871ae,stress20wtr5,stress20cash@mailinator.com,stress20kds@mailinator.com,Test@123,,
stresstwenty,b9989df5-f40f-4694-ad6b-ae8bdc437741,c7c1bb21-762d-4962-9988-e2793007a94e,stress20wtr5,stress20cash@mailinator.com,stress20kds@mailinator.com,Test@123,,
stresstwenty,b9989df5-f40f-4694-ad6b-ae8bdc437741,e81ddbca-973b-4e98-bfc6-5f66ad9e6fbe,stress20wtr5,stress20cash@mailinator.com,stress20kds@mailinator.com,Test@123,,
stresstwenty,b9989df5-f40f-4694-ad6b-ae8bdc437741,edafc16c-7bd7-4f22-a6cd-d4924c13b32f,stress20wtr5,stress20cash@mailinator.com,stress20kds@mailinator.com,Test@123,,
